timestamp_utc,url,http_status,bytes,elapsed_ms,error_message
2026-03-27T00:00:16.265304+00:00,https://rtsp.bmkg.go.id/publicbull.php?halaman=1,200,56294,1212.6,
2026-03-27T00:00:16.627159+00:00,https://rtsp.bmkg.go.id/publicbull.php?halaman=2,200,56431,278.8,
2026-03-27T00:00:17.112113+00:00,https://rtsp.bmkg.go.id/publicbull.php?halaman=3,200,56186,288.2,
2026-03-27T00:00:17.580295+00:00,https://rtsp.bmkg.go.id/publicbull.php?halaman=4,200,56349,276.0,
2026-03-27T00:00:18.200848+00:00,https://rtsp.bmkg.go.id/publicbull.php?halaman=5,200,56306,428.1,
2026-03-27T00:00:18.675956+00:00,https://rtsp.bmkg.go.id/publicbull.php?halaman=6,200,56271,278.7,
2026-03-27T00:00:19.148822+00:00,https://rtsp.bmkg.go.id/publicbull.php?halaman=7,200,56337,281.6,
2026-03-27T00:00:19.664518+00:00,https://rtsp.bmkg.go.id/publicbull.php?halaman=8,200,56256,323.7,
2026-03-27T00:00:20.141262+00:00,https://rtsp.bmkg.go.id/publicbull.php?halaman=9,200,56363,282.4,
2026-03-27T00:00:20.673031+00:00,https://rtsp.bmkg.go.id/publicbull.php?halaman=10,200,56566,338.7,
2026-03-27T00:00:21.167796+00:00,https://rtsp.bmkg.go.id/publicbull.php?halaman=11,200,57504,304.1,
2026-03-27T00:00:21.670216+00:00,https://rtsp.bmkg.go.id/publicbull.php?halaman=12,200,57042,309.5,
2026-03-27T00:00:22.168331+00:00,https://rtsp.bmkg.go.id/publicbull.php?halaman=13,200,57324,302.6,
2026-03-27T00:00:22.657960+00:00,https://rtsp.bmkg.go.id/publicbull.php?halaman=14,200,57187,298.1,
2026-03-27T00:00:23.168944+00:00,https://rtsp.bmkg.go.id/publicbull.php?halaman=15,200,57127,319.1,
2026-03-27T00:00:23.663961+00:00,https://rtsp.bmkg.go.id/publicbull.php?halaman=16,200,12694,299.7,
2026-03-27T00:00:24.132813+00:00,https://rtsp.bmkg.go.id/publicdetail.php?eventid=20120411085800,200,11807,291.2,
2026-03-27T00:00:24.481792+00:00,https://rtsp.bmkg.go.id/publicdetail.php?eventid=20120411090300,200,11926,293.1,
2026-03-27T00:00:24.827301+00:00,https://rtsp.bmkg.go.id/publicdetail.php?eventid=20120411131100,200,12280,290.0,
2026-03-27T00:00:25.163012+00:00,https://rtsp.bmkg.go.id/publicdetail.php?eventid=20120411190600,200,12669,280.2,
2026-03-27T00:00:25.496135+00:00,https://rtsp.bmkg.go.id/publicdetail.php?eventid=20120725113100,200,11755,277.4,
2026-03-27T00:00:25.831919+00:00,https://rtsp.bmkg.go.id/publicdetail.php?eventid=20120814031100,200,11751,280.2,
2026-03-27T00:00:26.213994+00:00,https://rtsp.bmkg.go.id/publicdetail.php?eventid=20120826151500,200,11761,326.7,
2026-03-27T00:00:26.589564+00:00,https://rtsp.bmkg.go.id/publicdetail.php?eventid=20120831125800,200,11784,319.2,
2026-03-27T00:00:26.942530+00:00,https://rtsp.bmkg.go.id/publicdetail.php?eventid=20120903183400,200,11782,296.6,
2026-03-27T00:00:27.298346+00:00,https://rtsp.bmkg.go.id/publicdetail.php?eventid=20120905152700,200,11743,300.1,
2026-03-27T00:00:27.624617+00:00,https://rtsp.bmkg.go.id/publicdetail.php?eventid=20120930171100,200,11738,269.7,
2026-03-27T00:00:27.957456+00:00,https://rtsp.bmkg.go.id/publicdetail.php?eventid=20121012004300,200,11786,276.7,
2026-03-27T00:00:28.321878+00:00,https://rtsp.bmkg.go.id/publicdetail.php?eventid=20121020231600,200,11753,307.1,
2026-03-27T00:00:28.649539+00:00,https://rtsp.bmkg.go.id/publicdetail.php?eventid=20121024020700,200,11776,272.3,
2026-03-27T00:00:28.974026+00:00,https://rtsp.bmkg.go.id/publicdetail.php?eventid=20121028042300,200,11798,268.8,
2026-03-27T00:00:29.301252+00:00,https://rtsp.bmkg.go.id/publicdetail.php?eventid=20121111012100,200,11734,271.0,
2026-03-27T00:00:29.659010+00:00,https://rtsp.bmkg.go.id/publicdetail.php?eventid=20121207082900,200,11795,302.2,
2026-03-27T00:00:29.997567+00:00,https://rtsp.bmkg.go.id/publicdetail.php?eventid=20121207084500,200,11795,282.7,
2026-03-27T00:00:30.325371+00:00,https://rtsp.bmkg.go.id/publicdetail.php?eventid=20121210170300,200,11741,272.1,
2026-03-27T00:00:30.658664+00:00,https://rtsp.bmkg.go.id/publicdetail.php?eventid=20121212060500,200,12150,277.4,
2026-03-27T00:00:31.001814+00:00,https://rtsp.bmkg.go.id/publicdetail.php?eventid=20121212061500,200,12269,287.1,
2026-03-27T00:00:31.346461+00:00,https://rtsp.bmkg.go.id/publicdetail.php?eventid=20121212063000,200,12620,288.7,
2026-03-27T00:00:31.676352+00:00,https://rtsp.bmkg.go.id/publicdetail.php?eventid=20121212064500,200,13164,272.1,
2026-03-27T00:00:32.006369+00:00,https://rtsp.bmkg.go.id/publicdetail.php?eventid=20121221224200,200,11763,274.6,
2026-03-27T00:00:32.335223+00:00,https://rtsp.bmkg.go.id/publicdetail.php?eventid=20130105092500,200,11773,272.0,
2026-03-27T00:00:32.662833+00:00,https://rtsp.bmkg.go.id/publicdetail.php?eventid=20130130203800,200,11749,272.1,
2026-03-27T00:00:33.012479+00:00,https://rtsp.bmkg.go.id/publicdetail.php?eventid=20130202143300,200,11782,294.2,
2026-03-27T00:00:33.359074+00:00,https://rtsp.bmkg.go.id/publicdetail.php?eventid=20130206012600,200,11787,290.3,
2026-03-27T00:00:33.692599+00:00,https://rtsp.bmkg.go.id/publicdetail.php?eventid=20130207191000,200,11756,276.4,
2026-03-27T00:00:34.032111+00:00,https://rtsp.bmkg.go.id/publicdetail.php?eventid=20130208112100,200,11766,283.8,
2026-03-27T00:00:34.365352+00:00,https://rtsp.bmkg.go.id/publicdetail.php?eventid=20130208153600,200,11764,277.6,
2026-03-27T00:00:34.694847+00:00,https://rtsp.bmkg.go.id/publicdetail.php?eventid=20130209143900,200,11736,273.6,
2026-03-27T00:00:35.033456+00:00,https://rtsp.bmkg.go.id/publicdetail.php?eventid=20130228144000,200,11787,282.2,
2026-03-27T00:00:35.375740+00:00,https://rtsp.bmkg.go.id/publicdetail.php?eventid=20130301133500,200,11786,287.0,
2026-03-27T00:00:35.706027+00:00,https://rtsp.bmkg.go.id/publicdetail.php?eventid=20130406045000,200,11769,274.2,
2026-03-27T00:00:36.049576+00:00,https://rtsp.bmkg.go.id/publicdetail.php?eventid=20130416105800,200,11747,287.3,
2026-03-27T00:00:36.389434+00:00,https://rtsp.bmkg.go.id/publicdetail.php?eventid=20130416230800,200,11790,284.1,
2026-03-27T00:00:36.719880+00:00,https://rtsp.bmkg.go.id/publicdetail.php?eventid=20130419031800,200,11750,274.1,
2026-03-27T00:00:37.048579+00:00,https://rtsp.bmkg.go.id/publicdetail.php?eventid=20130514004500,200,11758,272.8,
2026-03-27T00:00:37.375979+00:00,https://rtsp.bmkg.go.id/publicdetail.php?eventid=20130523173200,200,11773,271.6,
2026-03-27T00:00:37.785259+00:00,https://rtsp.bmkg.go.id/publicdetail.php?eventid=20130524055800,200,11749,353.5,
2026-03-27T00:00:38.115570+00:00,https://rtsp.bmkg.go.id/publicdetail.php?eventid=20130612060500,200,12146,274.3,
2026-03-27T00:00:38.463236+00:00,https://rtsp.bmkg.go.id/publicdetail.php?eventid=20130612061500,200,12265,292.0,
2026-03-27T00:00:38.806533+00:00,https://rtsp.bmkg.go.id/publicdetail.php?eventid=20130612063000,200,12616,287.7,
2026-03-27T00:00:39.150736+00:00,https://rtsp.bmkg.go.id/publicdetail.php?eventid=20130612064500,200,13006,288.0,
2026-03-27T00:00:39.554594+00:00,https://rtsp.bmkg.go.id/publicdetail.php?eventid=20130613165500,200,11779,346.7,
2026-03-27T00:00:39.918771+00:00,https://rtsp.bmkg.go.id/publicdetail.php?eventid=20130707184700,200,11782,308.0,
2026-03-27T00:00:40.257247+00:00,https://rtsp.bmkg.go.id/publicdetail.php?eventid=20130707185100,200,11782,282.3,
2026-03-27T00:00:40.608484+00:00,https://rtsp.bmkg.go.id/publicdetail.php?eventid=20130707204000,200,11779,294.7,
2026-03-27T00:00:40.950119+00:00,https://rtsp.bmkg.go.id/publicdetail.php?eventid=20130721235600,200,11746,285.8,
2026-03-27T00:00:41.297646+00:00,https://rtsp.bmkg.go.id/publicdetail.php?eventid=20130812010000,200,11790,291.8,
2026-03-27T00:00:41.625985+00:00,https://rtsp.bmkg.go.id/publicdetail.php?eventid=20130813161500,200,11748,272.2,
2026-03-27T00:00:41.958654+00:00,https://rtsp.bmkg.go.id/publicdetail.php?eventid=20130830164800,200,11812,275.4,
2026-03-27T00:00:42.289217+00:00,https://rtsp.bmkg.go.id/publicdetail.php?eventid=20130901115900,200,11738,274.9,
2026-03-27T00:00:42.620807+00:00,https://rtsp.bmkg.go.id/publicdetail.php?eventid=20130924114700,200,11739,275.1,
2026-03-27T00:00:42.947615+00:00,https://rtsp.bmkg.go.id/publicdetail.php?eventid=20130925170700,200,11762,270.8,
2026-03-27T00:00:43.291444+00:00,https://rtsp.bmkg.go.id/publicdetail.php?eventid=20130928074800,200,11740,288.1,
2026-03-27T00:00:43.619752+00:00,https://rtsp.bmkg.go.id/publicdetail.php?eventid=20131001035600,200,11752,272.5,
2026-03-27T00:00:43.997304+00:00,https://rtsp.bmkg.go.id/publicdetail.php?eventid=20131012133000,200,11746,322.0,
2026-03-27T00:00:44.408520+00:00,https://rtsp.bmkg.go.id/publicdetail.php?eventid=20131015002400,200,11773,355.8,
2026-03-27T00:00:44.736322+00:00,https://rtsp.bmkg.go.id/publicdetail.php?eventid=20131016103900,200,11758,272.6,
2026-03-27T00:00:45.061247+00:00,https://rtsp.bmkg.go.id/publicdetail.php?eventid=20131025172600,200,11794,269.5,
2026-03-27T00:00:45.433197+00:00,https://rtsp.bmkg.go.id/publicdetail.php?eventid=20131112072000,200,11790,316.5,
2026-03-27T00:00:45.764390+00:00,https://rtsp.bmkg.go.id/publicdetail.php?eventid=20131117092900,200,11742,275.7,
2026-03-27T00:00:46.101513+00:00,https://rtsp.bmkg.go.id/publicdetail.php?eventid=20131201013000,200,11738,281.8,
2026-03-27T00:00:46.485206+00:00,https://rtsp.bmkg.go.id/publicdetail.php?eventid=20131211060500,200,12133,327.9,
2026-03-27T00:00:46.817904+00:00,https://rtsp.bmkg.go.id/publicdetail.php?eventid=20131211061500,200,12252,276.2,
2026-03-27T00:00:47.167891+00:00,https://rtsp.bmkg.go.id/publicdetail.php?eventid=20131211063000,200,13142,294.2,
2026-03-27T00:00:47.504269+00:00,https://rtsp.bmkg.go.id/publicdetail.php?eventid=20131211064500,200,13532,281.0,
2026-03-27T00:00:47.829755+00:00,https://rtsp.bmkg.go.id/publicdetail.php?eventid=20140125052300,200,11757,269.0,
2026-03-27T00:00:48.164618+00:00,https://rtsp.bmkg.go.id/publicdetail.php?eventid=20140310053700,200,11784,279.4,
2026-03-27T00:00:48.534658+00:00,https://rtsp.bmkg.go.id/publicdetail.php?eventid=20140316213600,200,11780,314.9,
2026-03-27T00:00:48.862578+00:00,https://rtsp.bmkg.go.id/publicdetail.php?eventid=20140402002200,200,11785,270.8,
2026-03-27T00:00:49.188858+00:00,https://rtsp.bmkg.go.id/publicdetail.php?eventid=20140403030200,200,11786,270.6,
2026-03-27T00:00:49.525705+00:00,https://rtsp.bmkg.go.id/publicdetail.php?eventid=20140411071700,200,11751,280.9,
2026-03-27T00:00:49.853945+00:00,https://rtsp.bmkg.go.id/publicdetail.php?eventid=20140412203900,200,11759,272.1,
2026-03-27T00:00:50.210515+00:00,https://rtsp.bmkg.go.id/publicdetail.php?eventid=20140413124800,200,11757,300.7,
2026-03-27T00:00:50.541659+00:00,https://rtsp.bmkg.go.id/publicdetail.php?eventid=20140415042100,200,11762,274.4,
2026-03-27T00:00:50.885624+00:00,https://rtsp.bmkg.go.id/publicdetail.php?eventid=20140418144300,200,11756,287.9,
2026-03-27T00:00:51.270264+00:00,https://rtsp.bmkg.go.id/publicdetail.php?eventid=20140419133600,200,11755,328.5,
2026-03-27T00:00:51.602986+00:00,https://rtsp.bmkg.go.id/publicdetail.php?eventid=20140424032600,200,11801,277.2,
2026-03-27T00:00:51.929703+00:00,https://rtsp.bmkg.go.id/publicdetail.php?eventid=20140501064700,200,11793,270.4,
2026-03-27T00:00:52.256179+00:00,https://rtsp.bmkg.go.id/publicdetail.php?eventid=20140508171400,200,11760,269.9,
2026-03-27T00:00:52.596330+00:00,https://rtsp.bmkg.go.id/publicdetail.php?eventid=20140513065600,200,11745,284.6,
2026-03-27T00:00:52.987909+00:00,https://rtsp.bmkg.go.id/publicdetail.php?eventid=20140515082700,200,11794,336.2,
2026-03-27T00:00:54.265726+00:00,https://rtsp.bmkg.go.id/publicdetail.php?eventid=20140611060500,200,12129,1221.0,
2026-03-27T00:00:54.606091+00:00,https://rtsp.bmkg.go.id/publicdetail.php?eventid=20140611061500,200,12248,284.8,
2026-03-27T00:00:54.931953+00:00,https://rtsp.bmkg.go.id/publicdetail.php?eventid=20140611063000,200,12760,269.2,
2026-03-27T00:00:55.258939+00:00,https://rtsp.bmkg.go.id/publicdetail.php?eventid=20140611064500,200,13384,271.7,
2026-03-27T00:00:55.614706+00:00,https://rtsp.bmkg.go.id/publicdetail.php?eventid=20140614112100,200,11756,299.9,
2026-03-27T00:00:55.944351+00:00,https://rtsp.bmkg.go.id/publicdetail.php?eventid=20140619103500,200,11758,273.6,
2026-03-27T00:00:56.278291+00:00,https://rtsp.bmkg.go.id/publicdetail.php?eventid=20140623193200,200,11793,278.5,
2026-03-27T00:00:56.627536+00:00,https://rtsp.bmkg.go.id/publicdetail.php?eventid=20140623214200,200,11794,293.2,
2026-03-27T00:00:56.962981+00:00,https://rtsp.bmkg.go.id/publicdetail.php?eventid=20140707113600,200,11779,279.7,
2026-03-27T00:00:57.289272+00:00,https://rtsp.bmkg.go.id/publicdetail.php?eventid=20140711193500,200,11791,269.9,
2026-03-27T00:00:57.613711+00:00,https://rtsp.bmkg.go.id/publicdetail.php?eventid=20140721150500,200,11765,268.4,
2026-03-27T00:00:57.940383+00:00,https://rtsp.bmkg.go.id/publicdetail.php?eventid=20140803004300,200,11795,271.1,
2026-03-27T00:00:58.271096+00:00,https://rtsp.bmkg.go.id/publicdetail.php?eventid=20140824234100,200,11744,273.8,
2026-03-27T00:00:58.615431+00:00,https://rtsp.bmkg.go.id/publicdetail.php?eventid=20140909000603,200,12136,287.7,
2026-03-27T00:00:58.963333+00:00,https://rtsp.bmkg.go.id/publicdetail.php?eventid=20140909001200,200,12255,292.1,
2026-03-27T00:00:59.337072+00:00,https://rtsp.bmkg.go.id/publicdetail.php?eventid=20140909004000,200,12614,317.6,
2026-03-27T00:00:59.664896+00:00,https://rtsp.bmkg.go.id/publicdetail.php?eventid=20140909012000,200,12695,272.1,
2026-03-27T00:00:59.999635+00:00,https://rtsp.bmkg.go.id/publicdetail.php?eventid=20140909022000,200,12695,278.9,
2026-03-27T00:01:00.338992+00:00,https://rtsp.bmkg.go.id/publicdetail.php?eventid=20140909042000,200,12938,281.7,
2026-03-27T00:01:00.667075+00:00,https://rtsp.bmkg.go.id/publicdetail.php?eventid=20140909052000,200,13017,272.3,
2026-03-27T00:01:00.993766+00:00,https://rtsp.bmkg.go.id/publicdetail.php?eventid=20140909062000,200,13097,271.0,
2026-03-27T00:01:01.345504+00:00,https://rtsp.bmkg.go.id/publicdetail.php?eventid=20140909102000,200,13233,295.8,
2026-03-27T00:01:01.686001+00:00,https://rtsp.bmkg.go.id/publicdetail.php?eventid=20140909115000,200,13391,284.3,
2026-03-27T00:01:02.016803+00:00,https://rtsp.bmkg.go.id/publicdetail.php?eventid=20140909140000,200,13703,275.1,
2026-03-27T00:01:02.360435+00:00,https://rtsp.bmkg.go.id/publicdetail.php?eventid=20140910060500,200,12124,287.1,
2026-03-27T00:01:02.728806+00:00,https://rtsp.bmkg.go.id/publicdetail.php?eventid=20140910061000,200,12243,312.6,
2026-03-27T00:01:03.076777+00:00,https://rtsp.bmkg.go.id/publicdetail.php?eventid=20140910064000,200,12520,292.0,
2026-03-27T00:01:03.406256+00:00,https://rtsp.bmkg.go.id/publicdetail.php?eventid=20140910071500,200,12598,271.5,
2026-03-27T00:01:03.793674+00:00,https://rtsp.bmkg.go.id/publicdetail.php?eventid=20140910081500,200,12758,331.3,
2026-03-27T00:01:04.132299+00:00,https://rtsp.bmkg.go.id/publicdetail.php?eventid=20140910091500,200,12918,283.1,
2026-03-27T00:01:04.460114+00:00,https://rtsp.bmkg.go.id/publicdetail.php?eventid=20140910111500,200,13078,271.8,
2026-03-27T00:01:04.786866+00:00,https://rtsp.bmkg.go.id/publicdetail.php?eventid=20140910131500,200,13158,270.1,
2026-03-27T00:01:05.121835+00:00,https://rtsp.bmkg.go.id/publicdetail.php?eventid=20140910161500,200,13238,278.5,
2026-03-27T00:01:05.469747+00:00,https://rtsp.bmkg.go.id/publicdetail.php?eventid=20140910181500,200,13320,292.0,
2026-03-27T00:01:05.821212+00:00,https://rtsp.bmkg.go.id/publicdetail.php?eventid=20140910200000,200,13791,295.4,
2026-03-27T00:01:06.149167+00:00,https://rtsp.bmkg.go.id/publicdetail.php?eventid=20140917132711,200,11756,271.3,
2026-03-27T00:01:06.485524+00:00,https://rtsp.bmkg.go.id/publicdetail.php?eventid=20141009092658,200,11785,280.2,
2026-03-27T00:01:06.826097+00:00,https://rtsp.bmkg.go.id/publicdetail.php?eventid=20141014110834,200,11770,283.8,
2026-03-27T00:01:07.170572+00:00,https://rtsp.bmkg.go.id/publicdetail.php?eventid=20141107104153,200,11776,288.8,
2026-03-27T00:01:07.498365+00:00,https://rtsp.bmkg.go.id/publicdetail.php?eventid=20141115093933,200,11776,272.1,
2026-03-27T00:01:07.824943+00:00,https://rtsp.bmkg.go.id/publicdetail.php?eventid=20141115094419,200,11895,270.6,
2026-03-27T00:01:08.150684+00:00,https://rtsp.bmkg.go.id/publicdetail.php?eventid=20141115110843,200,12172,270.4,
2026-03-27T00:01:08.572728+00:00,https://rtsp.bmkg.go.id/publicdetail.php?eventid=20141115114430,200,12251,365.9,
2026-03-27T00:01:08.901756+00:00,https://rtsp.bmkg.go.id/publicdetail.php?eventid=20141115121836,200,12331,272.5,
2026-03-27T00:01:09.278429+00:00,https://rtsp.bmkg.go.id/publicdetail.php?eventid=20141115134256,200,12719,321.2,
2026-03-27T00:01:09.607213+00:00,https://rtsp.bmkg.go.id/publicdetail.php?eventid=20141117055001,200,11798,273.4,
2026-03-27T00:01:09.932016+00:00,https://rtsp.bmkg.go.id/publicdetail.php?eventid=20141121171459,200,11760,268.8,
2026-03-27T00:01:10.269816+00:00,https://rtsp.bmkg.go.id/publicdetail.php?eventid=20141126213458,200,11760,282.1,
2026-03-27T00:01:10.594731+00:00,https://rtsp.bmkg.go.id/publicdetail.php?eventid=20141207083304,200,11746,269.5,
2026-03-27T00:01:10.920254+00:00,https://rtsp.bmkg.go.id/publicdetail.php?eventid=20141208161146,200,11791,270.0,
2026-03-27T00:01:11.324043+00:00,https://rtsp.bmkg.go.id/publicdetail.php?eventid=20141210060500,200,12133,347.8,
2026-03-27T00:01:11.661863+00:00,https://rtsp.bmkg.go.id/publicdetail.php?eventid=20141210061500,200,12252,282.1,
2026-03-27T00:01:12.036628+00:00,https://rtsp.bmkg.go.id/publicdetail.php?eventid=20141210063000,200,12764,318.9,
2026-03-27T00:01:12.364183+00:00,https://rtsp.bmkg.go.id/publicdetail.php?eventid=20141210064500,200,13154,271.9,
2026-03-27T00:01:12.773892+00:00,https://rtsp.bmkg.go.id/publicdetail.php?eventid=20150217061842,200,11800,354.1,
2026-03-27T00:01:13.101361+00:00,https://rtsp.bmkg.go.id/publicdetail.php?eventid=20150219203214,200,11752,272.1,
2026-03-27T00:01:13.482091+00:00,https://rtsp.bmkg.go.id/publicdetail.php?eventid=20150227205242,200,11731,325.3,
2026-03-27T00:01:13.925331+00:00,https://rtsp.bmkg.go.id/publicdetail.php?eventid=20150330070154,200,11773,386.1,
2026-03-27T00:01:14.253808+00:00,https://rtsp.bmkg.go.id/publicdetail.php?eventid=20150505085138,200,11775,272.6,
2026-03-27T00:01:14.600337+00:00,https://rtsp.bmkg.go.id/publicdetail.php?eventid=20150507141951,200,11743,291.0,
2026-03-27T00:01:15.059299+00:00,https://rtsp.bmkg.go.id/publicdetail.php?eventid=20150513042936,200,11796,403.0,
2026-03-27T00:01:15.412665+00:00,https://rtsp.bmkg.go.id/publicdetail.php?eventid=20150523045403,200,11742,297.3,
2026-03-27T00:01:15.792256+00:00,https://rtsp.bmkg.go.id/publicdetail.php?eventid=20150529141723,200,11740,323.4,
2026-03-27T00:01:16.144290+00:00,https://rtsp.bmkg.go.id/publicdetail.php?eventid=20150530184431,200,11781,296.5,
2026-03-27T00:01:16.539769+00:00,https://rtsp.bmkg.go.id/publicdetail.php?eventid=20150610060500,200,12119,340.0,
2026-03-27T00:01:16.869359+00:00,https://rtsp.bmkg.go.id/publicdetail.php?eventid=20150610061500,200,12238,273.1,
2026-03-27T00:01:17.195281+00:00,https://rtsp.bmkg.go.id/publicdetail.php?eventid=20150610063000,200,12672,270.0,
2026-03-27T00:01:17.521447+00:00,https://rtsp.bmkg.go.id/publicdetail.php?eventid=20150610064500,200,13062,269.7,
2026-03-27T00:01:17.846365+00:00,https://rtsp.bmkg.go.id/publicdetail.php?eventid=20150617202338,200,11782,269.1,
2026-03-27T00:01:18.203991+00:00,https://rtsp.bmkg.go.id/publicdetail.php?eventid=20150707123056,200,11764,301.8,
2026-03-27T00:01:18.563357+00:00,https://rtsp.bmkg.go.id/publicdetail.php?eventid=20150710112239,200,11739,303.6,
2026-03-27T00:01:18.912393+00:00,https://rtsp.bmkg.go.id/publicdetail.php?eventid=20150718094056,200,11757,293.6,
2026-03-27T00:01:19.327299+00:00,https://rtsp.bmkg.go.id/publicdetail.php?eventid=20150727120951,200,11788,359.1,
2026-03-27T00:01:19.655738+00:00,https://rtsp.bmkg.go.id/publicdetail.php?eventid=20150728045301,200,11760,273.0,
2026-03-27T00:01:19.987953+00:00,https://rtsp.bmkg.go.id/publicdetail.php?eventid=20150810113037,200,11744,275.7,
2026-03-27T00:01:20.316984+00:00,https://rtsp.bmkg.go.id/publicdetail.php?eventid=20150813015931,200,11747,273.2,
2026-03-27T00:01:20.667815+00:00,https://rtsp.bmkg.go.id/publicdetail.php?eventid=20150815150051,200,11747,295.1,
2026-03-27T00:01:21.025993+00:00,https://rtsp.bmkg.go.id/publicdetail.php?eventid=20150917061731,200,11787,301.6,
2026-03-27T00:01:21.351217+00:00,https://rtsp.bmkg.go.id/publicdetail.php?eventid=20150917063439,200,11782,269.0,
2026-03-27T00:01:21.684370+00:00,https://rtsp.bmkg.go.id/publicdetail.php?eventid=20150917090246,200,11781,278.1,
2026-03-27T00:01:22.039620+00:00,https://rtsp.bmkg.go.id/publicdetail.php?eventid=20150922005215,200,11784,299.8,
2026-03-27T00:01:22.388432+00:00,https://rtsp.bmkg.go.id/publicdetail.php?eventid=20150924231022,200,11788,292.1,
2026-03-27T00:01:22.716919+00:00,https://rtsp.bmkg.go.id/publicdetail.php?eventid=20151021045951,200,11753,271.7,
2026-03-27T00:01:23.077371+00:00,https://rtsp.bmkg.go.id/publicdetail.php?eventid=20151026161931,200,11792,305.1,
2026-03-27T00:01:23.407717+00:00,https://rtsp.bmkg.go.id/publicdetail.php?eventid=20151107145025,200,11786,274.3,
2026-03-27T00:01:23.751649+00:00,https://rtsp.bmkg.go.id/publicdetail.php?eventid=20151119014040,200,11749,287.9,
2026-03-27T00:01:24.076368+00:00,https://rtsp.bmkg.go.id/publicdetail.php?eventid=20151125060156,200,11774,269.6,
2026-03-27T00:01:24.425309+00:00,https://rtsp.bmkg.go.id/publicdetail.php?eventid=20151125060739,200,11781,292.1,
2026-03-27T00:01:24.749599+00:00,https://rtsp.bmkg.go.id/publicdetail.php?eventid=20151205053934,200,11767,268.9,
2026-03-27T00:01:25.099143+00:00,https://rtsp.bmkg.go.id/publicdetail.php?eventid=20151209060500,200,12150,294.4,
2026-03-27T00:01:25.460656+00:00,https://rtsp.bmkg.go.id/publicdetail.php?eventid=20151209061500,200,12269,305.9,
2026-03-27T00:01:25.790173+00:00,https://rtsp.bmkg.go.id/publicdetail.php?eventid=20151209063000,200,12620,274.3,
2026-03-27T00:01:26.152620+00:00,https://rtsp.bmkg.go.id/publicdetail.php?eventid=20151209064500,200,13164,305.4,
2026-03-27T00:01:26.482211+00:00,https://rtsp.bmkg.go.id/publicdetail.php?eventid=20151209172659,200,11752,274.0,
2026-03-27T00:01:26.828209+00:00,https://rtsp.bmkg.go.id/publicdetail.php?eventid=20160104061619,200,11777,290.5,
2026-03-27T00:01:27.169482+00:00,https://rtsp.bmkg.go.id/publicdetail.php?eventid=20160114103823,200,11771,285.7,
2026-03-27T00:01:27.495105+00:00,https://rtsp.bmkg.go.id/publicdetail.php?eventid=20160124174806,200,11752,269.8,
2026-03-27T00:01:27.827154+00:00,https://rtsp.bmkg.go.id/publicdetail.php?eventid=20160130105145,200,11775,275.9,
2026-03-27T00:01:28.182780+00:00,https://rtsp.bmkg.go.id/publicdetail.php?eventid=20160208232607,200,11746,299.4,
2026-03-27T00:01:28.510704+00:00,https://rtsp.bmkg.go.id/publicdetail.php?eventid=20160212170946,200,11771,272.3,
2026-03-27T00:01:28.844034+00:00,https://rtsp.bmkg.go.id/publicdetail.php?eventid=20160302201933,200,11787,277.2,
2026-03-27T00:01:30.086789+00:00,https://rtsp.bmkg.go.id/publicdetail.php?eventid=20160302211841,200,13161,1186.1,
2026-03-27T00:01:30.429169+00:00,https://rtsp.bmkg.go.id/publicdetail.php?eventid=20160302224819,200,13530,286.3,
2026-03-27T00:01:30.777455+00:00,https://rtsp.bmkg.go.id/publicdetail.php?eventid=20160302225305,200,12735,292.2,
2026-03-27T00:01:31.111820+00:00,https://rtsp.bmkg.go.id/publicdetail.php?eventid=20160403153732,200,11748,278.1,
2026-03-27T00:01:31.461057+00:00,https://rtsp.bmkg.go.id/publicdetail.php?eventid=20160406141123,200,11748,293.8,
2026-03-27T00:01:31.790386+00:00,https://rtsp.bmkg.go.id/publicdetail.php?eventid=20160407104806,200,11750,273.5,
2026-03-27T00:01:32.119974+00:00,https://rtsp.bmkg.go.id/publicdetail.php?eventid=20160415233917,200,11741,273.2,
2026-03-27T00:01:32.472284+00:00,https://rtsp.bmkg.go.id/publicdetail.php?eventid=20160417071240,200,11758,295.0,
2026-03-27T00:01:32.832828+00:00,https://rtsp.bmkg.go.id/publicdetail.php?eventid=20160417074830,200,11754,304.6,
2026-03-27T00:01:33.165796+00:00,https://rtsp.bmkg.go.id/publicdetail.php?eventid=20160429024246,200,11750,277.6,
2026-03-27T00:01:33.495014+00:00,https://rtsp.bmkg.go.id/publicdetail.php?eventid=20160518151941,200,11759,273.8,
2026-03-27T00:01:33.826012+00:00,https://rtsp.bmkg.go.id/publicdetail.php?eventid=20160519000406,200,11759,275.2,
2026-03-27T00:01:34.158380+00:00,https://rtsp.bmkg.go.id/publicdetail.php?eventid=20160528125248,200,11764,276.6,
2026-03-27T00:01:34.497257+00:00,https://rtsp.bmkg.go.id/publicdetail.php?eventid=20160528171011,200,11787,283.0,
2026-03-27T00:01:34.825678+00:00,https://rtsp.bmkg.go.id/publicdetail.php?eventid=20160602060332,200,11782,272.7,
2026-03-27T00:01:35.201978+00:00,https://rtsp.bmkg.go.id/publicdetail.php?eventid=20160608022118,200,11758,320.6,
2026-03-27T00:01:35.592303+00:00,https://rtsp.bmkg.go.id/publicdetail.php?eventid=20160608060500,200,13489,332.5,
2026-03-27T00:01:35.924779+00:00,https://rtsp.bmkg.go.id/publicdetail.php?eventid=20160608061500,200,13504,275.9,
2026-03-27T00:01:36.269920+00:00,https://rtsp.bmkg.go.id/publicdetail.php?eventid=20160608063000,200,13877,289.2,
2026-03-27T00:01:36.601269+00:00,https://rtsp.bmkg.go.id/publicdetail.php?eventid=20160608064500,200,13076,274.5,
2026-03-27T00:01:36.939771+00:00,https://rtsp.bmkg.go.id/publicdetail.php?eventid=20160730050606,200,13109,282.4,
2026-03-27T00:01:37.270144+00:00,https://rtsp.bmkg.go.id/publicdetail.php?eventid=20160812083627,200,13148,273.9,
2026-03-27T00:01:37.609092+00:00,https://rtsp.bmkg.go.id/publicdetail.php?eventid=20160819144927,200,13142,282.8,
2026-03-27T00:01:37.963674+00:00,https://rtsp.bmkg.go.id/publicdetail.php?eventid=20160824174342,200,13078,298.9,
2026-03-27T00:01:38.294478+00:00,https://rtsp.bmkg.go.id/publicdetail.php?eventid=20160829114329,200,13132,275.2,
2026-03-27T00:01:38.623285+00:00,https://rtsp.bmkg.go.id/publicdetail.php?eventid=20160901235331,200,13159,272.4,
2026-03-27T00:01:38.959055+00:00,https://rtsp.bmkg.go.id/publicdetail.php?eventid=20160907030700,200,13629,279.8,
2026-03-27T00:01:39.299567+00:00,https://rtsp.bmkg.go.id/publicdetail.php?eventid=20160907031000,200,13643,284.3,
2026-03-27T00:01:39.663032+00:00,https://rtsp.bmkg.go.id/publicdetail.php?eventid=20160907031700,200,13939,306.7,
2026-03-27T00:01:40.031315+00:00,https://rtsp.bmkg.go.id/publicdetail.php?eventid=20160907040000,200,14265,312.1,
2026-03-27T00:01:40.446315+00:00,https://rtsp.bmkg.go.id/publicdetail.php?eventid=20160907050000,200,14751,359.1,
2026-03-27T00:01:40.781966+00:00,https://rtsp.bmkg.go.id/publicdetail.php?eventid=20160907060000,200,14913,279.2,
2026-03-27T00:01:41.128878+00:00,https://rtsp.bmkg.go.id/publicdetail.php?eventid=20160907070000,200,15237,291.1,
2026-03-27T00:01:41.461451+00:00,https://rtsp.bmkg.go.id/publicdetail.php?eventid=20160907080000,200,15343,276.2,
2026-03-27T00:01:41.792878+00:00,https://rtsp.bmkg.go.id/publicdetail.php?eventid=20160907090000,200,15424,275.6,
2026-03-27T00:01:42.133075+00:00,https://rtsp.bmkg.go.id/publicdetail.php?eventid=20160907100000,200,15507,283.8,
2026-03-27T00:01:42.473980+00:00,https://rtsp.bmkg.go.id/publicdetail.php?eventid=20160907120000,200,15750,284.7,
2026-03-27T00:01:42.843408+00:00,https://rtsp.bmkg.go.id/publicdetail.php?eventid=20160907140000,200,15913,312.6,
2026-03-27T00:01:43.300881+00:00,https://rtsp.bmkg.go.id/publicdetail.php?eventid=20160907160000,200,15100,401.1,
2026-03-27T00:01:43.636351+00:00,https://rtsp.bmkg.go.id/publicdetail.php?eventid=20160908060700,200,13607,279.5,
2026-03-27T00:01:43.968695+00:00,https://rtsp.bmkg.go.id/publicdetail.php?eventid=20160908061000,200,13646,276.0,
2026-03-27T00:01:44.299697+00:00,https://rtsp.bmkg.go.id/publicdetail.php?eventid=20160908064000,200,13941,275.0,
2026-03-27T00:01:44.631365+00:00,https://rtsp.bmkg.go.id/publicdetail.php?eventid=20160908070000,200,14021,274.6,
2026-03-27T00:01:44.961771+00:00,https://rtsp.bmkg.go.id/publicdetail.php?eventid=20160908080000,200,14101,274.5,
2026-03-27T00:01:45.295678+00:00,https://rtsp.bmkg.go.id/publicdetail.php?eventid=20160908090000,200,14181,278.4,
2026-03-27T00:01:45.665172+00:00,https://rtsp.bmkg.go.id/publicdetail.php?eventid=20160908100000,200,14261,313.4,
2026-03-27T00:01:46.004201+00:00,https://rtsp.bmkg.go.id/publicdetail.php?eventid=20160908110000,200,14341,281.4,
2026-03-27T00:01:46.375268+00:00,https://rtsp.bmkg.go.id/publicdetail.php?eventid=20160908120000,200,14421,313.5,
2026-03-27T00:01:46.709380+00:00,https://rtsp.bmkg.go.id/publicdetail.php?eventid=20160908130000,200,14503,278.0,
2026-03-27T00:01:47.071029+00:00,https://rtsp.bmkg.go.id/publicdetail.php?eventid=20160908140000,200,14583,305.8,
2026-03-27T00:01:47.406654+00:00,https://rtsp.bmkg.go.id/publicdetail.php?eventid=20160908150000,200,14664,279.9,
2026-03-27T00:01:47.743930+00:00,https://rtsp.bmkg.go.id/publicdetail.php?eventid=20160908170000,200,13851,280.6,
2026-03-27T00:01:48.152325+00:00,https://rtsp.bmkg.go.id/publicdetail.php?eventid=20160924055905,200,13125,352.6,
2026-03-27T00:01:48.489284+00:00,https://rtsp.bmkg.go.id/publicdetail.php?eventid=20161017132119,200,13134,280.5,
2026-03-27T00:01:48.820354+00:00,https://rtsp.bmkg.go.id/publicdetail.php?eventid=20161019073354,200,13103,275.1,
2026-03-27T00:01:49.154952+00:00,https://rtsp.bmkg.go.id/publicdetail.php?eventid=20161122041221,200,13161,277.6,
2026-03-27T00:01:49.521169+00:00,https://rtsp.bmkg.go.id/publicdetail.php?eventid=20161125015709,200,13148,310.4,
2026-03-27T00:01:49.861561+00:00,https://rtsp.bmkg.go.id/publicdetail.php?eventid=20161209005107,200,13113,284.3,
2026-03-27T00:01:50.192888+00:00,https://rtsp.bmkg.go.id/publicdetail.php?eventid=20161210022019,200,13102,275.1,
2026-03-27T00:01:50.551596+00:00,https://rtsp.bmkg.go.id/publicdetail.php?eventid=20161214060500,200,13634,302.3,
2026-03-27T00:01:50.896287+00:00,https://rtsp.bmkg.go.id/publicdetail.php?eventid=20161214061500,200,13666,287.5,
2026-03-27T00:01:51.243454+00:00,https://rtsp.bmkg.go.id/publicdetail.php?eventid=20161214063000,200,13961,291.1,
2026-03-27T00:01:51.601681+00:00,https://rtsp.bmkg.go.id/publicdetail.php?eventid=20161214064500,200,13148,301.9,
2026-03-27T00:01:51.945610+00:00,https://rtsp.bmkg.go.id/publicdetail.php?eventid=20161217180152,200,13145,287.3,
2026-03-27T00:01:52.277538+00:00,https://rtsp.bmkg.go.id/publicdetail.php?eventid=20161221072310,200,13095,276.3,
2026-03-27T00:01:52.607915+00:00,https://rtsp.bmkg.go.id/publicdetail.php?eventid=20161225213225,200,13105,274.0,
2026-03-27T00:01:52.964549+00:00,https://rtsp.bmkg.go.id/publicdetail.php?eventid=20161230053547,200,13138,300.8,
2026-03-27T00:01:53.295445+00:00,https://rtsp.bmkg.go.id/publicdetail.php?eventid=20170104050308,200,13126,275.1,
2026-03-27T00:01:53.625700+00:00,https://rtsp.bmkg.go.id/publicdetail.php?eventid=20170110132003,200,13094,273.9,
2026-03-27T00:01:53.981717+00:00,https://rtsp.bmkg.go.id/publicdetail.php?eventid=20170122114029,200,12257,300.0,
2026-03-27T00:01:54.326363+00:00,https://rtsp.bmkg.go.id/publicdetail.php?eventid=20170210211120,200,12272,289.1,
2026-03-27T00:01:54.656037+00:00,https://rtsp.bmkg.go.id/publicdetail.php?eventid=20170225003938,200,12281,273.7,
2026-03-27T00:01:54.985909+00:00,https://rtsp.bmkg.go.id/publicdetail.php?eventid=20170329112427,200,12291,273.1,
2026-03-27T00:01:55.321133+00:00,https://rtsp.bmkg.go.id/publicdetail.php?eventid=20170425044732,200,12286,278.9,
2026-03-27T00:01:55.680008+00:00,https://rtsp.bmkg.go.id/publicdetail.php?eventid=20170429033031,200,12260,302.2,
2026-03-27T00:01:56.026574+00:00,https://rtsp.bmkg.go.id/publicdetail.php?eventid=20170501195009,200,12266,290.8,
2026-03-27T00:01:56.361927+00:00,https://rtsp.bmkg.go.id/publicdetail.php?eventid=20170509210211,200,12258,280.2,
2026-03-27T00:01:56.702446+00:00,https://rtsp.bmkg.go.id/publicdetail.php?eventid=20170511064328,200,12296,284.7,
2026-03-27T00:01:57.038836+00:00,https://rtsp.bmkg.go.id/publicdetail.php?eventid=20170529214217,200,13287,279.6,
2026-03-27T00:01:57.414533+00:00,https://rtsp.bmkg.go.id/publicdetail.php?eventid=20170614060500,200,13895,319.8,
2026-03-27T00:01:57.785589+00:00,https://rtsp.bmkg.go.id/publicdetail.php?eventid=20170614061500,200,13639,315.3,
2026-03-27T00:01:58.116353+00:00,https://rtsp.bmkg.go.id/publicdetail.php?eventid=20170614063000,200,13952,275.1,
2026-03-27T00:01:58.446966+00:00,https://rtsp.bmkg.go.id/publicdetail.php?eventid=20170614064500,200,16186,274.7,
2026-03-27T00:01:58.779755+00:00,https://rtsp.bmkg.go.id/publicdetail.php?eventid=20170614145111,200,13327,276.5,
2026-03-27T00:01:59.137982+00:00,https://rtsp.bmkg.go.id/publicdetail.php?eventid=20170622194356,200,13299,302.7,
2026-03-27T00:01:59.472315+00:00,https://rtsp.bmkg.go.id/publicdetail.php?eventid=20170718065823,200,13318,276.1,
2026-03-27T00:01:59.852580+00:00,https://rtsp.bmkg.go.id/publicdetail.php?eventid=20170721054727,200,13399,323.8,
2026-03-27T00:02:00.198754+00:00,https://rtsp.bmkg.go.id/publicdetail.php?eventid=20170813102342,200,13375,290.0,
2026-03-27T00:02:00.532323+00:00,https://rtsp.bmkg.go.id/publicdetail.php?eventid=20170819091731,200,13269,277.6,
2026-03-27T00:02:00.881741+00:00,https://rtsp.bmkg.go.id/publicdetail.php?eventid=20170908130456,200,13287,294.0,
2026-03-27T00:02:01.242847+00:00,https://rtsp.bmkg.go.id/publicdetail.php?eventid=20171009055132,200,13296,305.6,
2026-03-27T00:02:01.588014+00:00,https://rtsp.bmkg.go.id/publicdetail.php?eventid=20171009055458,200,13003,289.7,
2026-03-27T00:02:01.922358+00:00,https://rtsp.bmkg.go.id/publicdetail.php?eventid=20171024175345,200,13326,277.0,
2026-03-27T00:02:02.254046+00:00,https://rtsp.bmkg.go.id/publicdetail.php?eventid=20171031075228,200,13295,274.8,
2026-03-27T00:02:02.615191+00:00,https://rtsp.bmkg.go.id/publicdetail.php?eventid=20171031075802,200,12963,304.4,
2026-03-27T00:02:02.946101+00:00,https://rtsp.bmkg.go.id/publicdetail.php?eventid=20171104161201,200,13251,275.3,
2026-03-27T00:02:03.327141+00:00,https://rtsp.bmkg.go.id/publicdetail.php?eventid=20171104162409,200,12960,325.4,
2026-03-27T00:02:03.665990+00:00,https://rtsp.bmkg.go.id/publicdetail.php?eventid=20171108043404,200,13382,282.7,
2026-03-27T00:02:04.032717+00:00,https://rtsp.bmkg.go.id/publicdetail.php?eventid=20171108044033,200,13002,310.5,
2026-03-27T00:02:04.366240+00:00,https://rtsp.bmkg.go.id/publicdetail.php?eventid=20171119222050,200,13254,277.5,
2026-03-27T00:02:04.696750+00:00,https://rtsp.bmkg.go.id/publicdetail.php?eventid=20171119224316,200,12963,274.5,
2026-03-27T00:02:05.950752+00:00,https://rtsp.bmkg.go.id/publicdetail.php?eventid=20171120055401,200,13254,1197.6,
2026-03-27T00:02:06.285141+00:00,https://rtsp.bmkg.go.id/publicdetail.php?eventid=20171120065706,200,12963,278.4,
2026-03-27T00:02:06.618276+00:00,https://rtsp.bmkg.go.id/publicdetail.php?eventid=20171208073103,200,13297,276.5,
2026-03-27T00:02:06.978457+00:00,https://rtsp.bmkg.go.id/publicdetail.php?eventid=20171208073729,200,13001,304.1,
2026-03-27T00:02:07.318057+00:00,https://rtsp.bmkg.go.id/publicdetail.php?eventid=20171213060500,200,13747,283.8,
2026-03-27T00:02:07.669403+00:00,https://rtsp.bmkg.go.id/publicdetail.php?eventid=20171213061500,200,13501,295.6,
2026-03-27T00:02:08.072288+00:00,https://rtsp.bmkg.go.id/publicdetail.php?eventid=20171213063000,200,13804,345.0,
2026-03-27T00:02:08.413961+00:00,https://rtsp.bmkg.go.id/publicdetail.php?eventid=20171213064500,200,14561,285.1,
2026-03-27T00:02:08.756641+00:00,https://rtsp.bmkg.go.id/publicdetail.php?eventid=20171216022355,200,13342,286.8,
2026-03-27T00:02:09.093957+00:00,https://rtsp.bmkg.go.id/publicdetail.php?eventid=20171216025720,200,12962,280.7,
2026-03-27T00:02:09.463179+00:00,https://rtsp.bmkg.go.id/publicdetail.php?eventid=20180110102056,200,13347,313.4,
2026-03-27T00:02:09.797625+00:00,https://rtsp.bmkg.go.id/publicdetail.php?eventid=20180110102935,200,12967,278.9,
2026-03-27T00:02:10.166379+00:00,https://rtsp.bmkg.go.id/publicdetail.php?eventid=20180114163733,200,13256,312.2,
2026-03-27T00:02:10.519875+00:00,https://rtsp.bmkg.go.id/publicdetail.php?eventid=20180123164721,200,13251,297.4,
2026-03-27T00:02:10.853217+00:00,https://rtsp.bmkg.go.id/publicdetail.php?eventid=20180123165832,200,12960,277.0,
2026-03-27T00:02:11.216866+00:00,https://rtsp.bmkg.go.id/publicdetail.php?eventid=20180217071706,200,13292,307.6,
2026-03-27T00:02:11.551073+00:00,https://rtsp.bmkg.go.id/publicdetail.php?eventid=20180226010149,200,13289,278.2,
2026-03-27T00:02:11.899596+00:00,https://rtsp.bmkg.go.id/publicdetail.php?eventid=20180309005344,200,13282,292.3,
2026-03-27T00:02:12.235874+00:00,https://rtsp.bmkg.go.id/publicdetail.php?eventid=20180326032139,200,13232,280.7,
2026-03-27T00:02:12.572112+00:00,https://rtsp.bmkg.go.id/publicdetail.php?eventid=20180326165841,200,13280,279.8,
2026-03-27T00:02:12.905327+00:00,https://rtsp.bmkg.go.id/publicdetail.php?eventid=20180330043414,200,13282,276.6,
2026-03-27T00:02:13.243841+00:00,https://rtsp.bmkg.go.id/publicdetail.php?eventid=20180613060500,200,13855,282.0,
2026-03-27T00:02:13.596054+00:00,https://rtsp.bmkg.go.id/publicdetail.php?eventid=20180613061500,200,13609,295.2,
2026-03-27T00:02:13.944770+00:00,https://rtsp.bmkg.go.id/publicdetail.php?eventid=20180613063000,200,13910,292.5,
2026-03-27T00:02:14.290686+00:00,https://rtsp.bmkg.go.id/publicdetail.php?eventid=20180613064500,200,14667,289.8,
2026-03-27T00:02:14.628107+00:00,https://rtsp.bmkg.go.id/publicdetail.php?eventid=20180706085514,200,13288,281.3,
2026-03-27T00:02:14.964978+00:00,https://rtsp.bmkg.go.id/publicdetail.php?eventid=20180805185355,200,13276,281.2,
2026-03-27T00:02:15.303170+00:00,https://rtsp.bmkg.go.id/publicdetail.php?eventid=20180814104538,200,13292,281.9,
2026-03-27T00:02:15.644830+00:00,https://rtsp.bmkg.go.id/publicdetail.php?eventid=20180819072926,200,13268,284.4,
2026-03-27T00:02:15.979946+00:00,https://rtsp.bmkg.go.id/publicdetail.php?eventid=20180819085552,200,12977,278.6,
2026-03-27T00:02:16.317173+00:00,https://rtsp.bmkg.go.id/publicdetail.php?eventid=20180819111535,200,13278,281.9,
2026-03-27T00:02:16.657109+00:00,https://rtsp.bmkg.go.id/publicdetail.php?eventid=20180819113836,200,13268,283.7,
2026-03-27T00:02:17.037037+00:00,https://rtsp.bmkg.go.id/publicdetail.php?eventid=20180819220132,200,13276,323.3,
2026-03-27T00:02:17.387337+00:00,https://rtsp.bmkg.go.id/publicdetail.php?eventid=20180822054124,200,13244,293.6,
2026-03-27T00:02:17.726366+00:00,https://rtsp.bmkg.go.id/publicdetail.php?eventid=20180829054418,200,13273,283.1,
2026-03-27T00:02:18.092367+00:00,https://rtsp.bmkg.go.id/publicdetail.php?eventid=20180829110135,200,13294,310.5,
2026-03-27T00:02:18.429744+00:00,https://rtsp.bmkg.go.id/publicdetail.php?eventid=20180904060700,200,13679,281.5,
2026-03-27T00:02:18.764196+00:00,https://rtsp.bmkg.go.id/publicdetail.php?eventid=20180904061200,200,13432,278.4,
2026-03-27T00:02:19.120924+00:00,https://rtsp.bmkg.go.id/publicdetail.php?eventid=20180904063000,200,13887,300.6,
2026-03-27T00:02:19.470315+00:00,https://rtsp.bmkg.go.id/publicdetail.php?eventid=20180904070000,200,14033,293.0,
2026-03-27T00:02:19.805366+00:00,https://rtsp.bmkg.go.id/publicdetail.php?eventid=20180904080000,200,14111,277.6,
2026-03-27T00:02:20.164593+00:00,https://rtsp.bmkg.go.id/publicdetail.php?eventid=20180904090000,200,14267,302.3,
2026-03-27T00:02:20.503806+00:00,https://rtsp.bmkg.go.id/publicdetail.php?eventid=20180904100000,200,14423,283.1,
2026-03-27T00:02:20.843020+00:00,https://rtsp.bmkg.go.id/publicdetail.php?eventid=20180904110000,200,14579,283.1,
2026-03-27T00:02:21.218705+00:00,https://rtsp.bmkg.go.id/publicdetail.php?eventid=20180904120000,200,14969,319.5,
2026-03-27T00:02:21.557907+00:00,https://rtsp.bmkg.go.id/publicdetail.php?eventid=20180904130000,200,15048,281.6,
2026-03-27T00:02:21.922431+00:00,https://rtsp.bmkg.go.id/publicdetail.php?eventid=20180904140000,200,15516,308.7,
2026-03-27T00:02:22.258714+00:00,https://rtsp.bmkg.go.id/publicdetail.php?eventid=20180904150000,200,15907,278.8,
2026-03-27T00:02:22.613948+00:00,https://rtsp.bmkg.go.id/publicdetail.php?eventid=20180904170000,200,16664,298.2,
2026-03-27T00:02:22.949738+00:00,https://rtsp.bmkg.go.id/publicdetail.php?eventid=20180905030700,200,13858,279.5,
2026-03-27T00:02:23.284942+00:00,https://rtsp.bmkg.go.id/publicdetail.php?eventid=20180905031200,200,13611,279.1,
2026-03-27T00:02:23.645775+00:00,https://rtsp.bmkg.go.id/publicdetail.php?eventid=20180905033000,200,13912,304.0,
2026-03-27T00:02:23.988838+00:00,https://rtsp.bmkg.go.id/publicdetail.php?eventid=20180905040000,200,14058,286.6,
2026-03-27T00:02:24.324209+00:00,https://rtsp.bmkg.go.id/publicdetail.php?eventid=20180905050000,200,14448,279.4,
2026-03-27T00:02:24.738777+00:00,https://rtsp.bmkg.go.id/publicdetail.php?eventid=20180905060000,200,14760,358.0,
2026-03-27T00:02:25.073801+00:00,https://rtsp.bmkg.go.id/publicdetail.php?eventid=20180905070000,200,15384,277.9,
2026-03-27T00:02:25.432453+00:00,https://rtsp.bmkg.go.id/publicdetail.php?eventid=20180905080000,200,15618,302.2,
2026-03-27T00:02:25.808244+00:00,https://rtsp.bmkg.go.id/publicdetail.php?eventid=20180905090000,200,15774,319.4,
2026-03-27T00:02:26.155219+00:00,https://rtsp.bmkg.go.id/publicdetail.php?eventid=20180905100000,200,15931,290.9,
2026-03-27T00:02:26.496524+00:00,https://rtsp.bmkg.go.id/publicdetail.php?eventid=20180905110000,200,16165,282.8,
2026-03-27T00:02:26.860423+00:00,https://rtsp.bmkg.go.id/publicdetail.php?eventid=20180905130000,200,16790,307.7,
2026-03-27T00:02:27.200665+00:00,https://rtsp.bmkg.go.id/publicdetail.php?eventid=20180905150000,200,17937,283.9,
2026-03-27T00:02:27.623192+00:00,https://rtsp.bmkg.go.id/publicdetail.php?eventid=20180906011737,200,13278,365.4,
2026-03-27T00:02:27.975661+00:00,https://rtsp.bmkg.go.id/publicdetail.php?eventid=20180906225914,200,13251,296.4,
2026-03-27T00:02:28.311062+00:00,https://rtsp.bmkg.go.id/publicdetail.php?eventid=20180908142419,200,13270,277.8,
2026-03-27T00:02:28.651068+00:00,https://rtsp.bmkg.go.id/publicdetail.php?eventid=20180910024012,200,13254,284.3,
2026-03-27T00:02:29.039615+00:00,https://rtsp.bmkg.go.id/publicdetail.php?eventid=20180910112739,200,13286,332.9,
2026-03-27T00:02:29.381437+00:00,https://rtsp.bmkg.go.id/publicdetail.php?eventid=20180928171136,200,13293,284.7,
2026-03-27T00:02:29.716233+00:00,https://rtsp.bmkg.go.id/publicdetail.php?eventid=20181011035538,200,13285,277.5,
2026-03-27T00:02:30.138736+00:00,https://rtsp.bmkg.go.id/publicdetail.php?eventid=20181016073852,200,13293,366.0,
2026-03-27T00:02:30.486336+00:00,https://rtsp.bmkg.go.id/publicdetail.php?eventid=20181016081223,200,13290,289.6,
2026-03-27T00:02:30.866032+00:00,https://rtsp.bmkg.go.id/publicdetail.php?eventid=20181022132751,200,13298,322.8,
2026-03-27T00:02:31.217778+00:00,https://rtsp.bmkg.go.id/publicdetail.php?eventid=20181022133441,200,13301,296.0,
2026-03-27T00:02:31.620326+00:00,https://rtsp.bmkg.go.id/publicdetail.php?eventid=20181029140909,200,13244,346.6,
2026-03-27T00:02:31.963331+00:00,https://rtsp.bmkg.go.id/publicdetail.php?eventid=20181119033545,200,13270,286.6,
2026-03-27T00:02:32.336285+00:00,https://rtsp.bmkg.go.id/publicdetail.php?eventid=20181201004618,200,13254,316.6,
2026-03-27T00:02:32.670494+00:00,https://rtsp.bmkg.go.id/publicdetail.php?eventid=20181201203610,200,13237,278.3,
2026-03-27T00:02:33.005730+00:00,https://rtsp.bmkg.go.id/publicdetail.php?eventid=20181205112724,200,13296,278.4,
2026-03-27T00:02:33.360485+00:00,https://rtsp.bmkg.go.id/publicdetail.php?eventid=20181211094246,200,13294,298.7,
2026-03-27T00:02:33.698197+00:00,https://rtsp.bmkg.go.id/publicdetail.php?eventid=20181212060500,200,13723,281.9,
2026-03-27T00:02:34.036910+00:00,https://rtsp.bmkg.go.id/publicdetail.php?eventid=20181212061500,200,13477,282.2,
2026-03-27T00:02:34.373605+00:00,https://rtsp.bmkg.go.id/publicdetail.php?eventid=20181212063000,200,13778,280.3,
2026-03-27T00:02:34.707043+00:00,https://rtsp.bmkg.go.id/publicdetail.php?eventid=20181212064500,200,14613,277.2,
2026-03-27T00:02:35.045099+00:00,https://rtsp.bmkg.go.id/publicdetail.php?eventid=20181221001615,200,13294,281.3,
2026-03-27T00:02:35.426376+00:00,https://rtsp.bmkg.go.id/publicdetail.php?eventid=20181224062445,200,13246,325.6,
2026-03-27T00:02:35.772869+00:00,https://rtsp.bmkg.go.id/publicdetail.php?eventid=20181229104757,200,13269,290.6,
2026-03-27T00:02:36.108789+00:00,https://rtsp.bmkg.go.id/publicdetail.php?eventid=20190107003437,200,13263,279.5,
2026-03-27T00:02:36.443649+00:00,https://rtsp.bmkg.go.id/publicdetail.php?eventid=20190120084913,200,13286,278.9,
2026-03-27T00:02:36.776021+00:00,https://rtsp.bmkg.go.id/publicdetail.php?eventid=20190122121600,200,13379,276.3,
2026-03-27T00:02:37.137677+00:00,https://rtsp.bmkg.go.id/publicdetail.php?eventid=20190122122734,200,12990,305.9,
2026-03-27T00:02:37.472526+00:00,https://rtsp.bmkg.go.id/publicdetail.php?eventid=20190123021015,200,13378,277.7,
2026-03-27T00:02:37.807850+00:00,https://rtsp.bmkg.go.id/publicdetail.php?eventid=20190123021938,200,12989,279.0,
2026-03-27T00:02:38.168201+00:00,https://rtsp.bmkg.go.id/publicdetail.php?eventid=20190126151817,200,13382,304.0,
2026-03-27T00:02:38.504825+00:00,https://rtsp.bmkg.go.id/publicdetail.php?eventid=20190412185317,200,9626,280.6,
2026-03-27T00:02:38.888308+00:00,https://rtsp.bmkg.go.id/publicdetail.php?eventid=20190423124414,200,13260,328.1,
2026-03-27T00:02:39.278563+00:00,https://rtsp.bmkg.go.id/publicdetail.php?eventid=20190507042733,200,13296,333.8,
2026-03-27T00:02:39.612937+00:00,https://rtsp.bmkg.go.id/publicdetail.php?eventid=20190514200634,200,13276,278.7,
2026-03-27T00:02:39.948412+00:00,https://rtsp.bmkg.go.id/publicdetail.php?eventid=20190526150124,200,13328,279.7,
2026-03-27T00:02:40.280383+00:00,https://rtsp.bmkg.go.id/publicdetail.php?eventid=20190530161306,200,13235,276.6,
2026-03-27T00:02:40.614248+00:00,https://rtsp.bmkg.go.id/publicdetail.php?eventid=20190612060500,200,13703,278.4,
2026-03-27T00:02:40.954404+00:00,https://rtsp.bmkg.go.id/publicdetail.php?eventid=20190612061500,200,13457,284.1,
2026-03-27T00:02:42.171240+00:00,https://rtsp.bmkg.go.id/publicdetail.php?eventid=20190612063000,200,13914,1159.5,
2026-03-27T00:02:42.505703+00:00,https://rtsp.bmkg.go.id/publicdetail.php?eventid=20190612064500,200,14749,278.0,
2026-03-27T00:02:42.849743+00:00,https://rtsp.bmkg.go.id/publicdetail.php?eventid=20190616060455,200,13295,287.5,
2026-03-27T00:02:43.183371+00:00,https://rtsp.bmkg.go.id/publicdetail.php?eventid=20190619141250,200,13293,278.1,
2026-03-27T00:02:43.530947+00:00,https://rtsp.bmkg.go.id/publicdetail.php?eventid=20190624095826,200,13231,291.7,
2026-03-27T00:02:43.858510+00:00,https://rtsp.bmkg.go.id/publicdetail.php?eventid=20190626093530,200,13291,271.8,
2026-03-27T00:02:44.207182+00:00,https://rtsp.bmkg.go.id/publicdetail.php?eventid=20190707221655,200,13260,291.9,
2026-03-27T00:02:44.544854+00:00,https://rtsp.bmkg.go.id/publicdetail.php?eventid=20190714124818,200,13345,281.6,
2026-03-27T00:02:44.872808+00:00,https://rtsp.bmkg.go.id/publicdetail.php?eventid=20190714125550,200,12962,272.6,
2026-03-27T00:02:45.200317+00:00,https://rtsp.bmkg.go.id/publicdetail.php?eventid=20190714161656,200,13261,271.1,
2026-03-27T00:02:45.525933+00:00,https://rtsp.bmkg.go.id/publicdetail.php?eventid=20190731221131,200,13256,269.7,
2026-03-27T00:02:45.854829+00:00,https://rtsp.bmkg.go.id/publicdetail.php?eventid=20190802015548,200,13287,272.6,
2026-03-27T00:02:46.180325+00:00,https://rtsp.bmkg.go.id/publicdetail.php?eventid=20190802191410,200,13383,269.4,
2026-03-27T00:02:46.506736+00:00,https://rtsp.bmkg.go.id/publicdetail.php?eventid=20190802192729,200,13003,270.5,
2026-03-27T00:02:46.848268+00:00,https://rtsp.bmkg.go.id/publicdetail.php?eventid=20190804173623,200,13299,284.5,
2026-03-27T00:02:47.177271+00:00,https://rtsp.bmkg.go.id/publicdetail.php?eventid=20190828071225,200,13294,273.5,
2026-03-27T00:02:47.503144+00:00,https://rtsp.bmkg.go.id/publicdetail.php?eventid=20190926065337,200,13257,269.9,
2026-03-27T00:02:47.894801+00:00,https://rtsp.bmkg.go.id/publicdetail.php?eventid=20190929090840,200,13271,335.5,
2026-03-27T00:02:48.222474+00:00,https://rtsp.bmkg.go.id/publicdetail.php?eventid=20190929231023,200,13288,271.7,
2026-03-27T00:02:48.565828+00:00,https://rtsp.bmkg.go.id/publicdetail.php?eventid=20191029081226,200,13267,287.1,
2026-03-27T00:02:48.891987+00:00,https://rtsp.bmkg.go.id/publicdetail.php?eventid=20191031081941,200,13268,270.7,
2026-03-27T00:02:49.260013+00:00,https://rtsp.bmkg.go.id/publicdetail.php?eventid=20191114233455,200,13263,311.7,
2026-03-27T00:02:49.656222+00:00,https://rtsp.bmkg.go.id/publicdetail.php?eventid=20191211060500,200,13747,339.8,
2026-03-27T00:02:49.997206+00:00,https://rtsp.bmkg.go.id/publicdetail.php?eventid=20191211061500,200,13501,282.7,
2026-03-27T00:02:50.327211+00:00,https://rtsp.bmkg.go.id/publicdetail.php?eventid=20191211063000,200,14198,272.0,
2026-03-27T00:02:50.657539+00:00,https://rtsp.bmkg.go.id/publicdetail.php?eventid=20191211064500,200,14955,274.7,
2026-03-27T00:02:51.024440+00:00,https://rtsp.bmkg.go.id/publicdetail.php?eventid=20191215132118,200,13267,310.7,
2026-03-27T00:02:51.351303+00:00,https://rtsp.bmkg.go.id/publicdetail.php?eventid=20200120000345,200,13288,271.1,
2026-03-27T00:02:51.687468+00:00,https://rtsp.bmkg.go.id/publicdetail.php?eventid=20200129023001,200,13327,280.7,
2026-03-27T00:02:52.017478+00:00,https://rtsp.bmkg.go.id/publicdetail.php?eventid=20200213174417,200,13252,272.7,
2026-03-27T00:02:52.362302+00:00,https://rtsp.bmkg.go.id/publicdetail.php?eventid=20200325100325,200,13295,288.0,
2026-03-27T00:02:52.712540+00:00,https://rtsp.bmkg.go.id/publicdetail.php?eventid=20200412141218,200,13339,293.8,
2026-03-27T00:02:53.039817+00:00,https://rtsp.bmkg.go.id/publicdetail.php?eventid=20200506210036,200,13233,271.5,
2026-03-27T00:02:53.367485+00:00,https://rtsp.bmkg.go.id/publicdetail.php?eventid=20200513055140,200,13259,271.2,
2026-03-27T00:02:53.696057+00:00,https://rtsp.bmkg.go.id/publicdetail.php?eventid=20200603145656,200,13244,272.2,
2026-03-27T00:02:54.023929+00:00,https://rtsp.bmkg.go.id/publicdetail.php?eventid=20200604160030,200,13265,272.1,
2026-03-27T00:02:54.382105+00:00,https://rtsp.bmkg.go.id/publicdetail.php?eventid=20200610060500,200,13723,301.4,
2026-03-27T00:02:54.710662+00:00,https://rtsp.bmkg.go.id/publicdetail.php?eventid=20200610061500,200,13477,272.4,
2026-03-27T00:02:55.037432+00:00,https://rtsp.bmkg.go.id/publicdetail.php?eventid=20200610063000,200,13937,271.1,
2026-03-27T00:02:55.366356+00:00,https://rtsp.bmkg.go.id/publicdetail.php?eventid=20200610064500,200,14694,273.1,
2026-03-27T00:02:55.693290+00:00,https://rtsp.bmkg.go.id/publicdetail.php?eventid=20200618200249,200,13283,271.1,
2026-03-27T00:02:56.081453+00:00,https://rtsp.bmkg.go.id/publicdetail.php?eventid=20200623224635,200,13244,331.7,
2026-03-27T00:02:56.435854+00:00,https://rtsp.bmkg.go.id/publicdetail.php?eventid=20200717100110,200,13291,298.6,
2026-03-27T00:02:56.787452+00:00,https://rtsp.bmkg.go.id/publicdetail.php?eventid=20200722132806,200,13256,294.2,
2026-03-27T00:02:57.122366+00:00,https://rtsp.bmkg.go.id/publicdetail.php?eventid=20200818071308,200,13261,278.6,
2026-03-27T00:02:57.448854+00:00,https://rtsp.bmkg.go.id/publicdetail.php?eventid=20200819060515,200,13383,269.6,
2026-03-27T00:02:57.783287+00:00,https://rtsp.bmkg.go.id/publicdetail.php?eventid=20200819061254,200,13006,277.1,
2026-03-27T00:02:58.116979+00:00,https://rtsp.bmkg.go.id/publicdetail.php?eventid=20200819060631,200,13374,278.3,
2026-03-27T00:02:58.447508+00:00,https://rtsp.bmkg.go.id/publicdetail.php?eventid=20200819061509,200,12994,273.7,
2026-03-27T00:02:58.797229+00:00,https://rtsp.bmkg.go.id/publicdetail.php?eventid=20200821111443,200,13233,293.5,
2026-03-27T00:02:59.126192+00:00,https://rtsp.bmkg.go.id/publicdetail.php?eventid=20200901111809,200,13292,272.4,
2026-03-27T00:02:59.464152+00:00,https://rtsp.bmkg.go.id/publicdetail.php?eventid=20200906223241,200,13271,281.8,
2026-03-27T00:02:59.813033+00:00,https://rtsp.bmkg.go.id/publicdetail.php?eventid=20200911144342,200,13249,292.3,
2026-03-27T00:03:00.150736+00:00,https://rtsp.bmkg.go.id/publicdetail.php?eventid=20201006030800,200,13718,282.0,
2026-03-27T00:03:00.481312+00:00,https://rtsp.bmkg.go.id/publicdetail.php?eventid=20201006031300,200,13472,274.6,
2026-03-27T00:03:00.808107+00:00,https://rtsp.bmkg.go.id/publicdetail.php?eventid=20201006033000,200,14934,269.7,
2026-03-27T00:03:01.142178+00:00,https://rtsp.bmkg.go.id/publicdetail.php?eventid=20201006040002,200,15448,276.8,
2026-03-27T00:03:01.485946+00:00,https://rtsp.bmkg.go.id/publicdetail.php?eventid=20201008144515,200,13299,287.2,
2026-03-27T00:03:01.823974+00:00,https://rtsp.bmkg.go.id/publicdetail.php?eventid=20201013040800,200,13731,282.1,
2026-03-27T00:03:02.153003+00:00,https://rtsp.bmkg.go.id/publicdetail.php?eventid=20201013041300,200,13485,271.7,
2026-03-27T00:03:02.480177+00:00,https://rtsp.bmkg.go.id/publicdetail.php?eventid=20201013043000,200,13787,270.9,
2026-03-27T00:03:02.806806+00:00,https://rtsp.bmkg.go.id/publicdetail.php?eventid=20201013050000,200,13866,270.5,
2026-03-27T00:03:03.138691+00:00,https://rtsp.bmkg.go.id/publicdetail.php?eventid=20201020060800,200,13704,275.5,
2026-03-27T00:03:03.483883+00:00,https://rtsp.bmkg.go.id/publicdetail.php?eventid=20201020061300,200,13458,287.6,
2026-03-27T00:03:03.868051+00:00,https://rtsp.bmkg.go.id/publicdetail.php?eventid=20201020063000,200,13995,328.3,
2026-03-27T00:03:04.204478+00:00,https://rtsp.bmkg.go.id/publicdetail.php?eventid=20201020070000,200,14171,280.2,
2026-03-27T00:03:04.536672+00:00,https://rtsp.bmkg.go.id/publicdetail.php?eventid=20201221003600,200,13301,273.9,
2026-03-27T00:03:04.865174+00:00,https://rtsp.bmkg.go.id/publicdetail.php?eventid=20210119095400,200,13379,272.4,
2026-03-27T00:03:05.197384+00:00,https://rtsp.bmkg.go.id/publicdetail.php?eventid=20210121193000,200,13283,276.6,
2026-03-27T00:03:05.530245+00:00,https://rtsp.bmkg.go.id/publicdetail.php?eventid=20210124070200,200,13271,276.5,
2026-03-27T00:03:05.918669+00:00,https://rtsp.bmkg.go.id/publicdetail.php?eventid=20210210195900,200,13390,332.4,
2026-03-27T00:03:06.251493+00:00,https://rtsp.bmkg.go.id/publicdetail.php?eventid=20210210203400,200,13296,276.3,
2026-03-27T00:03:06.591207+00:00,https://rtsp.bmkg.go.id/publicdetail.php?eventid=20210211043500,200,13296,283.9,
2026-03-27T00:03:06.926923+00:00,https://rtsp.bmkg.go.id/publicdetail.php?eventid=20210213211700,200,13306,279.1,
2026-03-27T00:03:07.256798+00:00,https://rtsp.bmkg.go.id/publicdetail.php?eventid=20210304133700,200,13287,273.9,
2026-03-27T00:03:07.595658+00:00,https://rtsp.bmkg.go.id/publicdetail.php?eventid=20210304175100,200,13283,282.3,
2026-03-27T00:03:07.935664+00:00,https://rtsp.bmkg.go.id/publicdetail.php?eventid=20210304193700,200,13267,283.9,
2026-03-27T00:03:08.271666+00:00,https://rtsp.bmkg.go.id/publicdetail.php?eventid=20210316185200,200,13280,279.4,
2026-03-27T00:03:08.598525+00:00,https://rtsp.bmkg.go.id/publicdetail.php?eventid=20210320091900,200,13290,270.6,
2026-03-27T00:03:08.925159+00:00,https://rtsp.bmkg.go.id/publicdetail.php?eventid=20210410070700,200,13318,270.9,
2026-03-27T00:03:09.276694+00:00,https://rtsp.bmkg.go.id/publicdetail.php?eventid=20210501013900,200,13292,295.4,
2026-03-27T00:03:09.605824+00:00,https://rtsp.bmkg.go.id/publicdetail.php?eventid=20210514064100,200,13376,272.6,
2026-03-27T00:03:09.957213+00:00,https://rtsp.bmkg.go.id/publicdetail.php?eventid=20210514070600,200,12996,294.9,
2026-03-27T00:03:10.289229+00:00,https://rtsp.bmkg.go.id/publicdetail.php?eventid=20210609060500,200,13702,276.0,
2026-03-27T00:03:10.626135+00:00,https://rtsp.bmkg.go.id/publicdetail.php?eventid=20210609061500,200,13456,279.9,
2026-03-27T00:03:10.959181+00:00,https://rtsp.bmkg.go.id/publicdetail.php?eventid=20210609063000,200,14076,276.3,
2026-03-27T00:03:11.289184+00:00,https://rtsp.bmkg.go.id/publicdetail.php?eventid=20210609064500,200,14833,270.8,
2026-03-27T00:03:11.620657+00:00,https://rtsp.bmkg.go.id/publicdetail.php?eventid=20210723205800,200,13259,274.9,
2026-03-27T00:03:11.957680+00:00,https://rtsp.bmkg.go.id/publicdetail.php?eventid=20210726121400,200,13280,281.3,
2026-03-27T00:03:12.285773+00:00,https://rtsp.bmkg.go.id/publicdetail.php?eventid=20210729062500,200,13245,271.5,
2026-03-27T00:03:12.664127+00:00,https://rtsp.bmkg.go.id/publicdetail.php?eventid=20210811175300,200,13255,322.3,
2026-03-27T00:03:12.991333+00:00,https://rtsp.bmkg.go.id/publicdetail.php?eventid=20210814121500,200,13245,271.1,
2026-03-27T00:03:13.327847+00:00,https://rtsp.bmkg.go.id/publicdetail.php?eventid=20210816112400,200,13281,280.1,
2026-03-27T00:03:13.657574+00:00,https://rtsp.bmkg.go.id/publicdetail.php?eventid=20210818101900,200,13242,273.7,
2026-03-27T00:03:13.982776+00:00,https://rtsp.bmkg.go.id/publicdetail.php?eventid=20210822005600,200,13281,269.6,
2026-03-27T00:03:14.311705+00:00,https://rtsp.bmkg.go.id/publicdetail.php?eventid=20210822214500,200,13279,273.0,
2026-03-27T00:03:14.658112+00:00,https://rtsp.bmkg.go.id/publicdetail.php?eventid=20210908015600,200,13238,290.4,
2026-03-27T00:03:14.987364+00:00,https://rtsp.bmkg.go.id/publicdetail.php?eventid=20211002063800,200,13263,272.6,
2026-03-27T00:03:15.376367+00:00,https://rtsp.bmkg.go.id/publicdetail.php?eventid=20211009110700,200,13263,333.6,
2026-03-27T00:03:15.725920+00:00,https://rtsp.bmkg.go.id/publicdetail.php?eventid=20211011092000,200,13245,293.6,
2026-03-27T00:03:16.056741+00:00,https://rtsp.bmkg.go.id/publicdetail.php?eventid=20211015025400,200,13238,273.4,
2026-03-27T00:03:17.337633+00:00,https://rtsp.bmkg.go.id/publicdetail.php?eventid=20211110155300,200,13277,1222.9,
2026-03-27T00:03:17.680474+00:00,https://rtsp.bmkg.go.id/publicdetail.php?eventid=20211128110400,200,13321,286.7,
2026-03-27T00:03:18.038827+00:00,https://rtsp.bmkg.go.id/publicdetail.php?eventid=20211208060500,200,13708,302.5,
2026-03-27T00:03:18.384567+00:00,https://rtsp.bmkg.go.id/publicdetail.php?eventid=20211208061500,200,13462,289.8,
2026-03-27T00:03:18.737326+00:00,https://rtsp.bmkg.go.id/publicdetail.php?eventid=20211208063000,200,13845,296.6,
2026-03-27T00:03:19.089027+00:00,https://rtsp.bmkg.go.id/publicdetail.php?eventid=20211208064500,200,14602,295.3,
2026-03-27T00:03:19.437058+00:00,https://rtsp.bmkg.go.id/publicdetail.php?eventid=20211214032600,200,13223,291.8,
2026-03-27T00:03:19.780633+00:00,https://rtsp.bmkg.go.id/publicdetail.php?eventid=20211229183000,200,13223,287.4,
2026-03-27T00:03:20.122619+00:00,https://rtsp.bmkg.go.id/publicdetail.php?eventid=20220111114500,200,13284,286.3,
2026-03-27T00:03:20.466513+00:00,https://rtsp.bmkg.go.id/publicdetail.php?eventid=20220114091300,200,13327,287.3,
2026-03-27T00:03:20.863861+00:00,https://rtsp.bmkg.go.id/publicdetail.php?eventid=20220114091800,200,12947,341.1,
2026-03-27T00:03:21.208983+00:00,https://rtsp.bmkg.go.id/publicdetail.php?eventid=20220216205600,200,13263,289.0,
2026-03-27T00:03:21.557388+00:00,https://rtsp.bmkg.go.id/publicdetail.php?eventid=20220302130100,200,13267,292.1,
2026-03-27T00:03:21.899220+00:00,https://rtsp.bmkg.go.id/publicdetail.php?eventid=20220313211400,200,13356,285.5,
2026-03-27T00:03:22.247002+00:00,https://rtsp.bmkg.go.id/publicdetail.php?eventid=20220313215200,200,12976,292.2,
2026-03-27T00:03:22.608862+00:00,https://rtsp.bmkg.go.id/publicdetail.php?eventid=20220316144400,200,13295,304.6,
2026-03-27T00:03:22.952265+00:00,https://rtsp.bmkg.go.id/publicdetail.php?eventid=20220322175000,200,13214,287.4,
2026-03-27T00:03:23.298286+00:00,https://rtsp.bmkg.go.id/publicdetail.php?eventid=20220330210500,200,13281,289.5,
2026-03-27T00:03:23.653613+00:00,https://rtsp.bmkg.go.id/publicdetail.php?eventid=20220331055100,200,13278,297.3,
2026-03-27T00:03:24.012689+00:00,https://rtsp.bmkg.go.id/publicdetail.php?eventid=20220421075400,200,13262,301.9,
2026-03-27T00:03:24.371206+00:00,https://rtsp.bmkg.go.id/publicdetail.php?eventid=20220510232300,200,13361,300.9,
2026-03-27T00:03:24.732276+00:00,https://rtsp.bmkg.go.id/publicdetail.php?eventid=20220519102200,200,13266,305.5,
2026-03-27T00:03:25.080545+00:00,https://rtsp.bmkg.go.id/publicdetail.php?eventid=20220527024300,200,13318,292.3,
2026-03-27T00:03:25.426521+00:00,https://rtsp.bmkg.go.id/publicdetail.php?eventid=20220608060500,200,13732,289.8,
2026-03-27T00:03:25.771791+00:00,https://rtsp.bmkg.go.id/publicdetail.php?eventid=20220608061500,200,13486,289.5,
2026-03-27T00:03:26.138083+00:00,https://rtsp.bmkg.go.id/publicdetail.php?eventid=20220608063000,200,13869,309.8,
2026-03-27T00:03:26.498449+00:00,https://rtsp.bmkg.go.id/publicdetail.php?eventid=20220608064500,200,14626,304.2,
2026-03-27T00:03:26.840582+00:00,https://rtsp.bmkg.go.id/publicdetail.php?eventid=20220727005000,200,13245,286.3,
2026-03-27T00:03:27.224325+00:00,https://rtsp.bmkg.go.id/publicdetail.php?eventid=20220814135700,200,13273,328.0,
2026-03-27T00:03:27.571843+00:00,https://rtsp.bmkg.go.id/publicdetail.php?eventid=20220910235500,200,13289,291.6,
2026-03-27T00:03:27.940651+00:00,https://rtsp.bmkg.go.id/publicdetail.php?eventid=20220914111300,200,13284,312.4,
2026-03-27T00:03:28.298886+00:00,https://rtsp.bmkg.go.id/publicdetail.php?eventid=20220917135000,200,13214,302.2,
2026-03-27T00:03:28.755651+00:00,https://rtsp.bmkg.go.id/publicdetail.php?eventid=20220918065300,200,13211,400.4,
2026-03-27T00:03:29.105615+00:00,https://rtsp.bmkg.go.id/publicdetail.php?eventid=20220919182000,200,13248,293.3,
2026-03-27T00:03:29.484375+00:00,https://rtsp.bmkg.go.id/publicdetail.php?eventid=20220922062800,200,13248,320.1,
2026-03-27T00:03:29.829101+00:00,https://rtsp.bmkg.go.id/publicdetail.php?eventid=20221109100000,200,13263,287.3,
2026-03-27T00:03:30.174042+00:00,https://rtsp.bmkg.go.id/publicdetail.php?eventid=20221111110100,200,13258,287.6,
2026-03-27T00:03:30.524815+00:00,https://rtsp.bmkg.go.id/publicdetail.php?eventid=20221112072100,200,13258,294.0,
2026-03-27T00:03:30.875714+00:00,https://rtsp.bmkg.go.id/publicdetail.php?eventid=20221118134600,200,13375,294.0,
2026-03-27T00:03:31.224470+00:00,https://rtsp.bmkg.go.id/publicdetail.php?eventid=20221118140000,200,12991,293.2,
2026-03-27T00:03:31.609916+00:00,https://rtsp.bmkg.go.id/publicdetail.php?eventid=20221122021200,200,13242,329.7,
2026-03-27T00:03:31.956452+00:00,https://rtsp.bmkg.go.id/publicdetail.php?eventid=20221207060500,200,13719,290.6,
2026-03-27T00:03:32.301782+00:00,https://rtsp.bmkg.go.id/publicdetail.php?eventid=20221207061500,200,13473,289.0,
2026-03-27T00:03:32.660446+00:00,https://rtsp.bmkg.go.id/publicdetail.php?eventid=20221207063000,200,13860,302.2,
2026-03-27T00:03:33.036241+00:00,https://rtsp.bmkg.go.id/publicdetail.php?eventid=20221207064500,200,14617,320.0,
2026-03-27T00:03:33.385529+00:00,https://rtsp.bmkg.go.id/publicdetail.php?eventid=20230108124200,200,13242,292.8,
2026-03-27T00:03:33.729667+00:00,https://rtsp.bmkg.go.id/publicdetail.php?eventid=20230109175700,200,13298,287.4,
2026-03-27T00:03:34.072882+00:00,https://rtsp.bmkg.go.id/publicdetail.php?eventid=20230118061100,200,13249,287.1,
2026-03-27T00:03:34.417324+00:00,https://rtsp.bmkg.go.id/publicdetail.php?eventid=20230223201300,200,13282,288.1,
2026-03-27T00:03:34.763515+00:00,https://rtsp.bmkg.go.id/publicdetail.php?eventid=20230304065100,200,13288,289.7,
2026-03-27T00:03:35.117011+00:00,https://rtsp.bmkg.go.id/publicdetail.php?eventid=20230318181000,200,13253,296.1,
2026-03-27T00:03:35.465392+00:00,https://rtsp.bmkg.go.id/publicdetail.php?eventid=20230402181100,200,13277,291.9,
2026-03-27T00:03:35.816856+00:00,https://rtsp.bmkg.go.id/publicdetail.php?eventid=20230403031900,200,13268,295.6,
2026-03-27T00:03:36.182052+00:00,https://rtsp.bmkg.go.id/publicdetail.php?eventid=20230414100800,200,13232,309.2,
2026-03-27T00:03:36.525536+00:00,https://rtsp.bmkg.go.id/publicdetail.php?eventid=20230424005100,200,13283,287.8,
2026-03-27T00:03:36.885271+00:00,https://rtsp.bmkg.go.id/publicdetail.php?eventid=20230424201000,200,13359,302.9,
2026-03-27T00:03:37.318711+00:00,https://rtsp.bmkg.go.id/publicdetail.php?eventid=20230428032400,200,13263,376.5,
2026-03-27T00:03:37.717975+00:00,https://rtsp.bmkg.go.id/publicdetail.php?eventid=20230510161200,200,13240,343.1,
2026-03-27T00:03:38.117589+00:00,https://rtsp.bmkg.go.id/publicdetail.php?eventid=20230519030500,200,13281,343.8,
2026-03-27T00:03:38.497492+00:00,https://rtsp.bmkg.go.id/publicdetail.php?eventid=20230520015900,200,13281,324.1,
2026-03-27T00:03:38.841352+00:00,https://rtsp.bmkg.go.id/publicdetail.php?eventid=20230607060500,200,13712,287.6,
2026-03-27T00:03:39.187300+00:00,https://rtsp.bmkg.go.id/publicdetail.php?eventid=20230607061500,200,13466,289.5,
2026-03-27T00:03:39.541123+00:00,https://rtsp.bmkg.go.id/publicdetail.php?eventid=20230607063000,200,13849,296.8,
2026-03-27T00:03:39.891284+00:00,https://rtsp.bmkg.go.id/publicdetail.php?eventid=20230607064500,200,14606,294.0,
2026-03-27T00:03:40.240366+00:00,https://rtsp.bmkg.go.id/publicdetail.php?eventid=20230615181600,200,13264,292.4,
2026-03-27T00:03:40.588383+00:00,https://rtsp.bmkg.go.id/publicdetail.php?eventid=20230702103700,200,13237,287.8,
2026-03-27T00:03:40.935910+00:00,https://rtsp.bmkg.go.id/publicdetail.php?eventid=20230716070000,200,13245,287.6,
2026-03-27T00:03:41.293107+00:00,https://rtsp.bmkg.go.id/publicdetail.php?eventid=20230726125300,200,13239,300.8,
2026-03-27T00:03:41.636292+00:00,https://rtsp.bmkg.go.id/publicdetail.php?eventid=20230828200100,200,13218,286.6,
2026-03-27T00:03:41.984808+00:00,https://rtsp.bmkg.go.id/publicdetail.php?eventid=20230907000400,200,13275,292.6,
2026-03-27T00:03:42.329213+00:00,https://rtsp.bmkg.go.id/publicdetail.php?eventid=20230908091900,200,13273,287.4,
2026-03-27T00:03:42.676254+00:00,https://rtsp.bmkg.go.id/publicdetail.php?eventid=20230912111000,200,13271,290.5,
2026-03-27T00:03:43.021606+00:00,https://rtsp.bmkg.go.id/publicdetail.php?eventid=20231004040800,200,13663,288.8,
2026-03-27T00:03:43.369823+00:00,https://rtsp.bmkg.go.id/publicdetail.php?eventid=20231004041300,200,13417,292.1,
2026-03-27T00:03:43.715486+00:00,https://rtsp.bmkg.go.id/publicdetail.php?eventid=20231004043000,200,13717,289.7,
2026-03-27T00:03:44.066930+00:00,https://rtsp.bmkg.go.id/publicdetail.php?eventid=20231004050000,200,13945,294.6,
2026-03-27T00:03:44.435873+00:00,https://rtsp.bmkg.go.id/publicdetail.php?eventid=20231004060000,200,14553,311.6,
2026-03-27T00:03:44.782928+00:00,https://rtsp.bmkg.go.id/publicdetail.php?eventid=20231004070000,200,15464,289.2,
2026-03-27T00:03:45.150037+00:00,https://rtsp.bmkg.go.id/publicdetail.php?eventid=20231004080000,200,16680,310.2,
2026-03-27T00:03:45.523866+00:00,https://rtsp.bmkg.go.id/publicdetail.php?eventid=20231004090000,200,17137,314.6,
2026-03-27T00:03:45.912099+00:00,https://rtsp.bmkg.go.id/publicdetail.php?eventid=20231004100000,200,17517,330.8,
2026-03-27T00:03:46.258667+00:00,https://rtsp.bmkg.go.id/publicdetail.php?eventid=20231004110000,200,18202,288.9,
2026-03-27T00:03:46.610205+00:00,https://rtsp.bmkg.go.id/publicdetail.php?eventid=20231004120000,200,18962,294.9,
2026-03-27T00:03:46.984686+00:00,https://rtsp.bmkg.go.id/publicdetail.php?eventid=20231004130000,200,19495,317.4,
2026-03-27T00:03:47.335912+00:00,https://rtsp.bmkg.go.id/publicdetail.php?eventid=20231004140000,200,19799,294.7,
2026-03-27T00:03:47.702688+00:00,https://rtsp.bmkg.go.id/publicdetail.php?eventid=20231004150000,200,20179,309.3,
2026-03-27T00:03:48.069732+00:00,https://rtsp.bmkg.go.id/publicdetail.php?eventid=20231004160000,200,20936,307.4,
2026-03-27T00:03:48.433627+00:00,https://rtsp.bmkg.go.id/publicdetail.php?eventid=20231004112800,200,13258,292.3,
2026-03-27T00:03:48.778157+00:00,https://rtsp.bmkg.go.id/publicdetail.php?eventid=20231007084200,200,13259,286.2,
2026-03-27T00:03:49.131416+00:00,https://rtsp.bmkg.go.id/publicdetail.php?eventid=20231007084900,200,13262,294.5,
2026-03-27T00:03:49.493139+00:00,https://rtsp.bmkg.go.id/publicdetail.php?eventid=20231011060500,200,13661,302.3,
2026-03-27T00:03:49.837274+00:00,https://rtsp.bmkg.go.id/publicdetail.php?eventid=20231011061000,200,13419,288.1,
2026-03-27T00:03:50.192773+00:00,https://rtsp.bmkg.go.id/publicdetail.php?eventid=20231011063000,200,13935,299.0,
2026-03-27T00:03:50.539929+00:00,https://rtsp.bmkg.go.id/publicdetail.php?eventid=20231011070000,200,14083,291.6,
2026-03-27T00:03:50.894670+00:00,https://rtsp.bmkg.go.id/publicdetail.php?eventid=20231011080000,200,14379,296.4,
2026-03-27T00:03:51.239678+00:00,https://rtsp.bmkg.go.id/publicdetail.php?eventid=20231011090000,200,14601,288.3,
2026-03-27T00:03:51.604177+00:00,https://rtsp.bmkg.go.id/publicdetail.php?eventid=20231011100000,200,14749,305.8,
2026-03-27T00:03:51.949765+00:00,https://rtsp.bmkg.go.id/publicdetail.php?eventid=20231011110000,200,15267,289.5,
2026-03-27T00:03:52.301616+00:00,https://rtsp.bmkg.go.id/publicdetail.php?eventid=20231011120000,200,15785,293.7,
2026-03-27T00:03:52.646341+00:00,https://rtsp.bmkg.go.id/publicdetail.php?eventid=20231011130000,200,16304,288.6,
2026-03-27T00:03:53.090330+00:00,https://rtsp.bmkg.go.id/publicdetail.php?eventid=20231011140000,200,17044,387.6,
2026-03-27T00:03:54.350422+00:00,https://rtsp.bmkg.go.id/publicdetail.php?eventid=20231011150000,200,17637,1202.2,
2026-03-27T00:03:54.686501+00:00,https://rtsp.bmkg.go.id/publicdetail.php?eventid=20231011160000,200,18082,279.7,
2026-03-27T00:03:55.020988+00:00,https://rtsp.bmkg.go.id/publicdetail.php?eventid=20231011170000,200,18599,277.2,
2026-03-27T00:03:55.358764+00:00,https://rtsp.bmkg.go.id/publicdetail.php?eventid=20231011180000,200,18394,279.5,
2026-03-27T00:03:55.695183+00:00,https://rtsp.bmkg.go.id/publicdetail.php?eventid=20231016114800,200,13305,278.8,
2026-03-27T00:03:56.023485+00:00,https://rtsp.bmkg.go.id/publicdetail.php?eventid=20231025020800,200,13702,272.7,
2026-03-27T00:03:56.384047+00:00,https://rtsp.bmkg.go.id/publicdetail.php?eventid=20231025021300,200,13456,303.8,
2026-03-27T00:03:56.715357+00:00,https://rtsp.bmkg.go.id/publicdetail.php?eventid=20231025023000,200,13836,275.6,
2026-03-27T00:03:57.054821+00:00,https://rtsp.bmkg.go.id/publicdetail.php?eventid=20231025030000,200,14538,283.6,
2026-03-27T00:03:57.385245+00:00,https://rtsp.bmkg.go.id/publicdetail.php?eventid=20231025040000,200,15010,273.4,
2026-03-27T00:03:57.732504+00:00,https://rtsp.bmkg.go.id/publicdetail.php?eventid=20231025050000,200,15478,288.3,
2026-03-27T00:03:58.150695+00:00,https://rtsp.bmkg.go.id/publicdetail.php?eventid=20231025060000,200,15786,359.4,
2026-03-27T00:03:58.479821+00:00,https://rtsp.bmkg.go.id/publicdetail.php?eventid=20231025070000,200,16336,273.0,
2026-03-27T00:03:58.811675+00:00,https://rtsp.bmkg.go.id/publicdetail.php?eventid=20231025080000,200,17190,275.9,
2026-03-27T00:03:59.146783+00:00,https://rtsp.bmkg.go.id/publicdetail.php?eventid=20231025090000,200,17659,277.5,
2026-03-27T00:03:59.482148+00:00,https://rtsp.bmkg.go.id/publicdetail.php?eventid=20231025100000,200,18361,278.9,
2026-03-27T00:03:59.813990+00:00,https://rtsp.bmkg.go.id/publicdetail.php?eventid=20231025110000,200,18830,275.2,
2026-03-27T00:04:00.166993+00:00,https://rtsp.bmkg.go.id/publicdetail.php?eventid=20231025120000,200,19142,296.7,
2026-03-27T00:04:00.500054+00:00,https://rtsp.bmkg.go.id/publicdetail.php?eventid=20231025130000,200,19922,275.7,
2026-03-27T00:04:00.903965+00:00,https://rtsp.bmkg.go.id/publicdetail.php?eventid=20231025140000,200,20679,347.2,
2026-03-27T00:04:01.245882+00:00,https://rtsp.bmkg.go.id/publicdetail.php?eventid=20231031112000,200,13258,284.1,
2026-03-27T00:04:01.600847+00:00,https://rtsp.bmkg.go.id/publicdetail.php?eventid=20231031124800,200,13272,298.9,
2026-03-27T00:04:01.928037+00:00,https://rtsp.bmkg.go.id/publicdetail.php?eventid=20231101210900,200,13322,270.7,
2026-03-27T00:04:02.263852+00:00,https://rtsp.bmkg.go.id/publicdetail.php?eventid=20231108050300,200,13220,279.6,
2026-03-27T00:04:02.618809+00:00,https://rtsp.bmkg.go.id/publicdetail.php?eventid=20231108131100,200,13220,298.6,
2026-03-27T00:04:02.971091+00:00,https://rtsp.bmkg.go.id/publicdetail.php?eventid=20231117081900,200,13252,295.8,
2026-03-27T00:04:03.301991+00:00,https://rtsp.bmkg.go.id/publicdetail.php?eventid=20231122045600,200,13242,274.2,
2026-03-27T00:04:03.637062+00:00,https://rtsp.bmkg.go.id/publicdetail.php?eventid=20231124091400,200,13239,278.8,
2026-03-27T00:04:03.970623+00:00,https://rtsp.bmkg.go.id/publicdetail.php?eventid=20231127215400,200,13301,276.4,
2026-03-27T00:04:04.342733+00:00,https://rtsp.bmkg.go.id/publicdetail.php?eventid=20231202144500,200,13255,315.5,
2026-03-27T00:04:04.681687+00:00,https://rtsp.bmkg.go.id/publicdetail.php?eventid=20231202161000,200,13255,282.4,
2026-03-27T00:04:05.080313+00:00,https://rtsp.bmkg.go.id/publicdetail.php?eventid=20231202174700,200,13255,343.1,
2026-03-27T00:04:05.458708+00:00,https://rtsp.bmkg.go.id/publicdetail.php?eventid=20231203104200,200,13255,322.9,
2026-03-27T00:04:05.814594+00:00,https://rtsp.bmkg.go.id/publicdetail.php?eventid=20231203195600,200,13255,299.3,
2026-03-27T00:04:06.234446+00:00,https://rtsp.bmkg.go.id/publicdetail.php?eventid=20231207130500,200,13276,363.2,
2026-03-27T00:04:06.563392+00:00,https://rtsp.bmkg.go.id/publicdetail.php?eventid=20231211064500,200,13237,273.1,
2026-03-27T00:04:06.907841+00:00,https://rtsp.bmkg.go.id/publicdetail.php?eventid=20231230052500,200,13376,288.5,
2026-03-27T00:04:07.256480+00:00,https://rtsp.bmkg.go.id/publicdetail.php?eventid=20231230054200,200,12996,291.7,
2026-03-27T00:04:07.584013+00:00,https://rtsp.bmkg.go.id/publicdetail.php?eventid=20231230172000,200,13283,270.2,
2026-03-27T00:04:07.911075+00:00,https://rtsp.bmkg.go.id/publicdetail.php?eventid=20240101072000,200,13295,270.3,
2026-03-27T00:04:08.250404+00:00,https://rtsp.bmkg.go.id/publicdetail.php?eventid=20240108205300,200,13265,283.6,
2026-03-27T00:04:08.581833+00:00,https://rtsp.bmkg.go.id/publicdetail.php?eventid=20240123144300,200,13242,275.6,
2026-03-27T00:04:08.942742+00:00,https://rtsp.bmkg.go.id/publicdetail.php?eventid=20240322090300,200,13217,304.8,
2026-03-27T00:04:09.274588+00:00,https://rtsp.bmkg.go.id/publicdetail.php?eventid=20240323202800,200,13277,275.8,
2026-03-27T00:04:09.636121+00:00,https://rtsp.bmkg.go.id/publicdetail.php?eventid=20240403000800,200,13214,304.4,
2026-03-27T00:04:09.965503+00:00,https://rtsp.bmkg.go.id/publicdetail.php?eventid=20240405111200,200,13244,273.1,
2026-03-27T00:04:10.292393+00:00,https://rtsp.bmkg.go.id/publicdetail.php?eventid=20240409095700,200,13252,271.1,
2026-03-27T00:04:10.738287+00:00,https://rtsp.bmkg.go.id/publicdetail.php?eventid=20240427163700,200,13327,390.0,
2026-03-27T00:04:11.076265+00:00,https://rtsp.bmkg.go.id/publicdetail.php?eventid=20240525223300,200,13242,281.0,
2026-03-27T00:04:11.429992+00:00,https://rtsp.bmkg.go.id/publicdetail.php?eventid=20240526205700,200,13237,297.2,
2026-03-27T00:04:11.759638+00:00,https://rtsp.bmkg.go.id/publicdetail.php?eventid=20240612060500,200,13702,273.8,
2026-03-27T00:04:12.101335+00:00,https://rtsp.bmkg.go.id/publicdetail.php?eventid=20240612061500,200,13456,286.0,
2026-03-27T00:04:12.427596+00:00,https://rtsp.bmkg.go.id/publicdetail.php?eventid=20240612063000,200,15025,270.2,
2026-03-27T00:04:12.761062+00:00,https://rtsp.bmkg.go.id/publicdetail.php?eventid=20240612064500,200,16377,277.3,
2026-03-27T00:04:13.087305+00:00,https://rtsp.bmkg.go.id/publicdetail.php?eventid=20240628054900,200,13248,269.6,
2026-03-27T00:04:13.414580+00:00,https://rtsp.bmkg.go.id/publicdetail.php?eventid=20240711022200,200,13256,271.2,
2026-03-27T00:04:13.788082+00:00,https://rtsp.bmkg.go.id/publicdetail.php?eventid=20240719020000,200,13370,317.8,
2026-03-27T00:04:14.135643+00:00,https://rtsp.bmkg.go.id/publicdetail.php?eventid=20240802222700,200,13255,291.3,
2026-03-27T00:04:14.464945+00:00,https://rtsp.bmkg.go.id/publicdetail.php?eventid=20240808075100,200,13235,272.1,
2026-03-27T00:04:14.793661+00:00,https://rtsp.bmkg.go.id/publicdetail.php?eventid=20240817192200,200,13278,271.9,
2026-03-27T00:04:15.125360+00:00,https://rtsp.bmkg.go.id/publicdetail.php?eventid=20240825233800,200,13240,275.6,
2026-03-27T00:04:15.453230+00:00,https://rtsp.bmkg.go.id/publicdetail.php?eventid=20240901202000,200,13238,271.0,
2026-03-27T00:04:15.779395+00:00,https://rtsp.bmkg.go.id/publicdetail.php?eventid=20240916115000,200,13262,270.1,
2026-03-27T00:04:16.104288+00:00,https://rtsp.bmkg.go.id/publicdetail.php?eventid=20240926192900,200,13354,269.6,
2026-03-27T00:04:16.430527+00:00,https://rtsp.bmkg.go.id/publicdetail.php?eventid=20240926193900,200,12974,269.3,
2026-03-27T00:04:16.760075+00:00,https://rtsp.bmkg.go.id/publicdetail.php?eventid=20241205190000,200,13293,272.8,
2026-03-27T00:04:17.094640+00:00,https://rtsp.bmkg.go.id/publicdetail.php?eventid=20241211060500,200,13732,278.4,
2026-03-27T00:04:17.463081+00:00,https://rtsp.bmkg.go.id/publicdetail.php?eventid=20241211061500,200,13486,312.8,
2026-03-27T00:04:17.789137+00:00,https://rtsp.bmkg.go.id/publicdetail.php?eventid=20241211063000,200,13869,270.4,
2026-03-27T00:04:18.138153+00:00,https://rtsp.bmkg.go.id/publicdetail.php?eventid=20241211064500,200,14625,291.9,
2026-03-27T00:04:18.471958+00:00,https://rtsp.bmkg.go.id/publicdetail.php?eventid=20241213235300,200,13281,276.7,
2026-03-27T00:04:18.808005+00:00,https://rtsp.bmkg.go.id/publicdetail.php?eventid=20241217015400,200,13239,279.7,
2026-03-27T00:04:19.135813+00:00,https://rtsp.bmkg.go.id/publicdetail.php?eventid=20241227125700,200,13238,272.1,
2026-03-27T00:04:19.481097+00:00,https://rtsp.bmkg.go.id/publicdetail.php?eventid=20250325015500,200,13326,289.1,
2026-03-27T00:04:19.835014+00:00,https://rtsp.bmkg.go.id/publicdetail.php?eventid=20250328063000,200,13302,297.7,
2026-03-27T00:04:20.177064+00:00,https://rtsp.bmkg.go.id/publicdetail.php?eventid=20250328063900,200,12922,286.2,
2026-03-27T00:04:20.502955+00:00,https://rtsp.bmkg.go.id/publicdetail.php?eventid=20250330122800,200,13237,270.2,
2026-03-27T00:04:20.864633+00:00,https://rtsp.bmkg.go.id/publicdetail.php?eventid=20250404201500,200,13301,305.8,
2026-03-27T00:04:21.191674+00:00,https://rtsp.bmkg.go.id/publicdetail.php?eventid=20250502130800,200,13233,270.8,
2026-03-27T00:04:21.530310+00:00,https://rtsp.bmkg.go.id/publicdetail.php?eventid=20250502180900,200,13233,282.6,
2026-03-27T00:04:21.857685+00:00,https://rtsp.bmkg.go.id/publicdetail.php?eventid=20250611060500,200,13712,271.5,
2026-03-27T00:04:22.192908+00:00,https://rtsp.bmkg.go.id/publicdetail.php?eventid=20250611061500,200,13466,279.6,
2026-03-27T00:04:22.525200+00:00,https://rtsp.bmkg.go.id/publicdetail.php?eventid=20250611063000,200,13770,276.9,
2026-03-27T00:04:22.866880+00:00,https://rtsp.bmkg.go.id/publicdetail.php?eventid=20250611064500,200,14527,285.6,
2026-03-27T00:04:23.196552+00:00,https://rtsp.bmkg.go.id/publicdetail.php?eventid=20250624020600,200,13267,273.3,
2026-03-27T00:04:23.522437+00:00,https://rtsp.bmkg.go.id/publicdetail.php?eventid=20250714055600,200,13298,270.2,
2026-03-27T00:04:23.881104+00:00,https://rtsp.bmkg.go.id/publicdetail.php?eventid=20250716205000,200,13245,302.3,
2026-03-27T00:04:24.210481+00:00,https://rtsp.bmkg.go.id/publicdetail.php?eventid=20250720064600,200,13280,273.7,
2026-03-27T00:04:24.541752+00:00,https://rtsp.bmkg.go.id/publicdetail.php?eventid=20250720070200,200,13277,275.5,
2026-03-27T00:04:24.912339+00:00,https://rtsp.bmkg.go.id/publicdetail.php?eventid=20250720072300,200,13274,314.0,
2026-03-27T00:04:25.277709+00:00,https://rtsp.bmkg.go.id/publicdetail.php?eventid=20250728221900,200,13263,308.9,
2026-03-27T00:04:25.613783+00:00,https://rtsp.bmkg.go.id/publicdetail.php?eventid=20250729233600,200,13277,280.6,
2026-03-27T00:04:25.945846+00:00,https://rtsp.bmkg.go.id/publicdetail.php?eventid=20250730015300,200,12986,276.6,
2026-03-27T00:04:26.283423+00:00,https://rtsp.bmkg.go.id/publicdetail.php?eventid=20250730024400,200,13235,281.2,
2026-03-27T00:04:26.610105+00:00,https://rtsp.bmkg.go.id/publicdetail.php?eventid=20250803054900,200,13235,270.9,
2026-03-27T00:04:26.942816+00:00,https://rtsp.bmkg.go.id/publicdetail.php?eventid=20250822022700,200,13233,277.0,
2026-03-27T00:04:27.276346+00:00,https://rtsp.bmkg.go.id/publicdetail.php?eventid=20250913024700,200,13275,277.6,
2026-03-27T00:04:27.605304+00:00,https://rtsp.bmkg.go.id/publicdetail.php?eventid=20250918191100,200,13280,272.5,
2026-03-27T00:04:27.935333+00:00,https://rtsp.bmkg.go.id/publicdetail.php?eventid=20250925010500,200,13702,273.1,
2026-03-27T00:04:28.287263+00:00,https://rtsp.bmkg.go.id/publicdetail.php?eventid=20250925010900,200,13261,295.0,
2026-03-27T00:04:28.624421+00:00,https://rtsp.bmkg.go.id/publicdetail.php?eventid=20250925013000,200,13765,281.1,
2026-03-27T00:04:29.993253+00:00,https://rtsp.bmkg.go.id/publicdetail.php?eventid=20250925020000,200,14294,1312.0,
2026-03-27T00:04:30.324495+00:00,https://rtsp.bmkg.go.id/publicdetail.php?eventid=20250925030000,200,15141,273.2,
2026-03-27T00:04:30.666980+00:00,https://rtsp.bmkg.go.id/publicdetail.php?eventid=20250925040000,200,15603,285.8,
2026-03-27T00:04:30.998307+00:00,https://rtsp.bmkg.go.id/publicdetail.php?eventid=20250925050000,200,16142,274.6,
2026-03-27T00:04:31.393438+00:00,https://rtsp.bmkg.go.id/publicdetail.php?eventid=20250925060000,200,17236,339.2,
2026-03-27T00:04:31.730422+00:00,https://rtsp.bmkg.go.id/publicdetail.php?eventid=20250925070000,200,17801,280.7,
2026-03-27T00:04:32.058746+00:00,https://rtsp.bmkg.go.id/publicdetail.php?eventid=20250925080000,200,18428,272.0,
2026-03-27T00:04:32.385093+00:00,https://rtsp.bmkg.go.id/publicdetail.php?eventid=20250925090000,200,18924,270.4,
2026-03-27T00:04:32.716350+00:00,https://rtsp.bmkg.go.id/publicdetail.php?eventid=20250925100000,200,19750,272.1,
2026-03-27T00:04:33.049598+00:00,https://rtsp.bmkg.go.id/publicdetail.php?eventid=20250925110000,200,20564,276.2,
2026-03-27T00:04:33.376502+00:00,https://rtsp.bmkg.go.id/publicdetail.php?eventid=20250930140900,200,13250,269.7,
2026-03-27T00:04:33.702964+00:00,https://rtsp.bmkg.go.id/publicdetail.php?eventid=20251007111300,200,13265,270.7,
2026-03-27T00:04:34.028661+00:00,https://rtsp.bmkg.go.id/publicdetail.php?eventid=20251010015200,200,13255,269.9,
2026-03-27T00:04:34.355282+00:00,https://rtsp.bmkg.go.id/publicdetail.php?eventid=20251010111900,200,13255,270.5,
2026-03-27T00:04:34.682361+00:00,https://rtsp.bmkg.go.id/publicdetail.php?eventid=20251015060800,200,13692,270.6,
2026-03-27T00:04:35.028699+00:00,https://rtsp.bmkg.go.id/publicdetail.php?eventid=20251015061300,200,13436,290.9,
2026-03-27T00:04:35.363457+00:00,https://rtsp.bmkg.go.id/publicdetail.php?eventid=20251015063000,200,14063,279.2,
2026-03-27T00:04:35.698496+00:00,https://rtsp.bmkg.go.id/publicdetail.php?eventid=20251015070000,200,14361,279.3,
2026-03-27T00:04:36.038420+00:00,https://rtsp.bmkg.go.id/publicdetail.php?eventid=20251015080000,200,14746,283.6,
2026-03-27T00:04:36.366490+00:00,https://rtsp.bmkg.go.id/publicdetail.php?eventid=20251015090000,200,14900,271.2,
2026-03-27T00:04:36.738883+00:00,https://rtsp.bmkg.go.id/publicdetail.php?eventid=20251015100000,200,15131,316.6,
2026-03-27T00:04:37.080851+00:00,https://rtsp.bmkg.go.id/publicdetail.php?eventid=20251015110000,200,15593,285.6,
2026-03-27T00:04:37.410192+00:00,https://rtsp.bmkg.go.id/publicdetail.php?eventid=20251015120000,200,16209,272.8,
2026-03-27T00:04:37.738833+00:00,https://rtsp.bmkg.go.id/publicdetail.php?eventid=20251015130000,200,16672,271.6,
2026-03-27T00:04:38.070204+00:00,https://rtsp.bmkg.go.id/publicdetail.php?eventid=20251015140000,200,17782,275.5,
2026-03-27T00:04:38.398444+00:00,https://rtsp.bmkg.go.id/publicdetail.php?eventid=20251015150000,200,18476,271.2,
2026-03-27T00:04:38.728155+00:00,https://rtsp.bmkg.go.id/publicdetail.php?eventid=20251015160000,200,19295,272.8,
2026-03-27T00:04:39.064972+00:00,https://rtsp.bmkg.go.id/publicdetail.php?eventid=20251016055700,200,13283,280.2,
2026-03-27T00:04:39.414389+00:00,https://rtsp.bmkg.go.id/publicdetail.php?eventid=20251025150500,200,13606,293.2,
2026-03-27T00:04:39.741976+00:00,https://rtsp.bmkg.go.id/publicdetail.php?eventid=20251025160000,200,13643,272.2,
2026-03-27T00:04:40.092964+00:00,https://rtsp.bmkg.go.id/publicdetail.php?eventid=20251025170000,200,13744,295.0,
2026-03-27T00:04:40.454041+00:00,https://rtsp.bmkg.go.id/publicdetail.php?eventid=20251025180000,200,13779,304.2,
2026-03-27T00:04:40.784743+00:00,https://rtsp.bmkg.go.id/publicdetail.php?eventid=20251025190000,200,13992,274.9,
2026-03-27T00:04:41.115680+00:00,https://rtsp.bmkg.go.id/publicdetail.php?eventid=20251025200000,200,14273,274.3,
2026-03-27T00:04:41.453810+00:00,https://rtsp.bmkg.go.id/publicdetail.php?eventid=20251025210000,200,14386,282.6,
2026-03-27T00:04:41.784179+00:00,https://rtsp.bmkg.go.id/publicdetail.php?eventid=20251025220000,200,14464,274.9,
2026-03-27T00:04:42.113574+00:00,https://rtsp.bmkg.go.id/publicdetail.php?eventid=20251025230000,200,14473,273.3,
2026-03-27T00:04:42.440219+00:00,https://rtsp.bmkg.go.id/publicdetail.php?eventid=20251026000000,200,14538,269.9,
2026-03-27T00:04:42.768163+00:00,https://rtsp.bmkg.go.id/publicdetail.php?eventid=20251026010000,200,14552,271.4,
2026-03-27T00:04:43.116761+00:00,https://rtsp.bmkg.go.id/publicdetail.php?eventid=20251026020000,200,14822,292.0,
2026-03-27T00:04:43.447949+00:00,https://rtsp.bmkg.go.id/publicdetail.php?eventid=20251026030000,200,15594,275.7,
2026-03-27T00:04:43.784587+00:00,https://rtsp.bmkg.go.id/publicdetail.php?eventid=20251105030700,200,13730,280.3,
2026-03-27T00:04:44.117285+00:00,https://rtsp.bmkg.go.id/publicdetail.php?eventid=20251105031200,200,13474,276.9,
2026-03-27T00:04:44.448642+00:00,https://rtsp.bmkg.go.id/publicdetail.php?eventid=20251105033000,200,13859,275.4,
2026-03-27T00:04:44.782392+00:00,https://rtsp.bmkg.go.id/publicdetail.php?eventid=20251105040000,200,14233,277.6,
2026-03-27T00:04:45.108634+00:00,https://rtsp.bmkg.go.id/publicdetail.php?eventid=20251105050000,200,14773,270.3,
2026-03-27T00:04:45.448988+00:00,https://rtsp.bmkg.go.id/publicdetail.php?eventid=20251105060000,200,15861,283.7,
2026-03-27T00:04:45.786317+00:00,https://rtsp.bmkg.go.id/publicdetail.php?eventid=20251105070000,200,17173,281.6,
2026-03-27T00:04:46.127915+00:00,https://rtsp.bmkg.go.id/publicdetail.php?eventid=20251105080000,200,17725,284.2,
2026-03-27T00:04:46.493659+00:00,https://rtsp.bmkg.go.id/publicdetail.php?eventid=20251105090000,200,17803,308.4,
2026-03-27T00:04:46.899633+00:00,https://rtsp.bmkg.go.id/publicdetail.php?eventid=20251105100000,200,18834,348.8,
2026-03-27T00:04:47.253966+00:00,https://rtsp.bmkg.go.id/publicdetail.php?eventid=20251105110000,200,20418,295.2,
2026-03-27T00:04:47.599674+00:00,https://rtsp.bmkg.go.id/publicdetail.php?eventid=20251105120000,200,21208,288.9,
2026-03-27T00:04:47.928659+00:00,https://rtsp.bmkg.go.id/publicdetail.php?eventid=20251105130000,200,21963,271.8,
2026-03-27T00:04:48.373243+00:00,https://rtsp.bmkg.go.id/publicdetail.php?eventid=20251109081700,200,13289,270.0,
2026-03-27T00:04:48.701115+00:00,https://rtsp.bmkg.go.id/publicdetail.php?eventid=20251208142500,200,13262,271.4,
2026-03-27T00:04:49.053107+00:00,https://rtsp.bmkg.go.id/publicdetail.php?eventid=20251212025200,200,13292,295.8,
2026-03-27T00:04:49.387978+00:00,https://rtsp.bmkg.go.id/publicdetail.php?eventid=20251222103900,200,13262,279.2,
2026-03-27T00:04:49.795781+00:00,https://rtsp.bmkg.go.id/publicdetail.php?eventid=20251227151400,200,13232,350.4,
2026-03-27T00:04:50.120950+00:00,https://rtsp.bmkg.go.id/publicdetail.php?eventid=20260110150300,200,13267,269.2,
2026-03-27T00:04:50.447090+00:00,https://rtsp.bmkg.go.id/publicdetail.php?eventid=20260222170400,200,13213,269.2,
2026-03-27T00:04:50.813594+00:00,https://rtsp.bmkg.go.id/publicdetail.php?eventid=20260320003100,200,13260,310.2,
2026-03-27T00:04:51.140444+00:00,https://rtsp.bmkg.go.id/publicdetail.php?eventid=20260324044700,200,13240,271.1,
2026-03-27T20:00:04.441497+00:00,https://gis.ngdc.noaa.gov/arcgis/rest/services/web_mercator/hazards/MapServer/0/query?where=1%3D1&geometry=90.0%2C-15.0%2C145.0%2C15.0&geometryType=esriGeometryEnvelope&inSR=4326&spatialRel=esriSpatialRelIntersects&outFields=ID%2CYEAR%2CMONTH%2CDAY%2CHOUR%2CMINUTE%2CSECOND%2CLATITUDE%2CLONGITUDE%2CLOCATION_NAME%2CCOUNTRY%2CREGION%2CCAUSE%2CEVENT_VALIDITY%2CEQ_MAGNITUDE%2CEQ_DEPTH%2CMAX_EVENT_RUNUP%2CTS_INTENSITY%2CDEATHS_TOTAL%2CNUM_RUNUP%2CURL&returnGeometry=false&resultOffset=0&resultRecordCount=2000&f=json,200,181432,1420.8,
2026-03-27T20:00:06.571983+00:00,https://earthquake.usgs.gov/fdsnws/event/1/query.geojson?format=geojson&starttime=2012-04-09&endtime=2026-03-26&minmagnitude=6.0&minlatitude=-15.0&maxlatitude=15.0&minlongitude=90.0&maxlongitude=145.0&orderby=time-asc&limit=20000,200,254434,2040.3,
